,population,distance_from_Beijing,R_0 1.5,R_0 2,R_0 3,R_0 4,R_0 5,R_0 6,Total_route_length_m,travel_time_S,travel_time_S_Google,DegreeCentrality,EigenvectorCentrality,PageRank,WeightedPersonalizedPagerank,Hubs,BetweennessCentrality,WeightedPersonalizedPagerankWuhanOutflow,WeightedPersonalizedPagerankBeijingInflow
Tianjinshi_120000,16505801.933655975,3560385.85190326,114,69,42,32,27,23,201900.3410000001,4894.799999999999,5400,1.536873156342183,0.0157023791408311,0.0083607647449419,0.0280240701896637,0.0037057240212049,0.0037057240212049,0.0056746973405422,0.0327608718135519
Shijiazhuangshi_130100,11160985.597645285,3259719.7463101414,136,81,48,37,31,27,358179.4670000008,6847.099999999997,11580,1.710914454277286,0.0079576508164405,0.0056145953371273,0.0144593853788725,0.0017312084590921,0.0017312084590921,0.0037531293288287,0.0164251429474839
Tangshanshi_130200,7976681.030059218,3622335.3030686257,128,76,46,35,29,26,206815.944,6254.499999999998,9600,1.6253687315634218,0.009488305001684,0.0040353221236685,0.0111831489070915,0.0022186269974044,0.0022186269974044,0.0024158627346955,0.0129422999068206
Qinhuangdaoshi_130300,3152923.984348297,3725935.176390191,121,71,44,33,28,24,306996.92,7798.7,12240,1.775811209439528,0.0024002606323608,0.0024911936764048,0.0056742532529935,0.0005640392734735,0.0005640392734735,0.0013660514274364,0.006500656613867
Handanshi_130400,9896664.804241655,3348619.532531976,140,82,49,38,31,27,561370.4409999993,10103.59999999999,16980,1.640117994100295,0.0057210875654356,0.0038229292916002,0.008577081567289,0.0012780139376818,0.0012780139376818,0.0025898256586063,0.0097133162691744
Xingtaishi_130500,7539623.478119612,3356262.073102811,148,87,51,40,33,29,498494.1770000004,9933.599999999997,15300,1.7256637168141593,0.007802309041789,0.0034625412026532,0.0073553279418145,0.0017253656051525,0.0017253656051525,0.0022791319453815,0.0082135004425324
Baodingshi_130600,11856361.88596928,3262387.2445218083,104,63,39,30,25,22,244837.538,4692.200000000001,8400,1.6342182890855457,0.011590648989676,0.005694785742364,0.0235501029445111,0.0030113811425323,0.0030113811425323,0.0038073531688906,0.0278200603043608
Zhangjiakoushi_130700,4520805.760648459,3179207.4888494764,101,61,37,29,24,21,225132.86,5645.100000000001,9660,1.7876106194690264,0.0037743953780543,0.0024953911766594,0.0091364321093559,0.0010653560635219,0.0010653560635219,0.0013085539406336,0.0107741474820387
Chengdeshi_130800,3642433.682631224,3393328.319114086,107,64,40,30,25,22,264754.77999999985,5917.399999999995,13680,1.7581120943952802,0.0027229297125954,0.0020207206546688,0.0064260932326262,0.0007288023910438,0.0007288023910438,0.0009751930286685,0.0075286967677861
Cangzhoushi_130900,7542077.562909603,3495050.108944336,130,78,47,36,30,26,278055.538,5472.4000000000015,9840,1.6106194690265487,0.0100112024175791,0.004041581764882,0.0110050688085908,0.002227837201437,0.002227837201437,0.0025438241406462,0.01272350702854
Langfangshi_131000,4798291.1290819645,3493496.3088103207,69,43,27,21,18,16,145582.08400000006,4771.700000000003,5400,1.6224188790560472,0.0199520986618663,0.0066252188990276,0.0387001527897787,0.005558497695386,0.005558497695386,0.0045680213087292,0.0464785511342016
Hengshuishi_131100,4363990.025298834,3463644.8550384897,132,78,47,36,30,26,355854.1719999995,6750.399999999998,11340,1.7168141592920354,0.0048533410636923,0.0026810439593729,0.0063686358377097,0.0010439687393206,0.0010439687393206,0.0015283290138245,0.0072811748447299
Taiyuanshi_140100,5378234.544834495,3074158.467388624,152,88,53,39,33,29,635155.3380000012,14775.900000000014,22500,1.6607669616519174,0.0048970400731096,0.0061030821784582,0.007730596455563,0.000963711291551,0.000963711291551,0.0033559609495337,0.0077274307071643
Datongshi_140200,3656573.1295926273,3086030.725618121,141,83,49,38,32,27,353301.11200000026,8357.9,13800,1.7374631268436578,0.0010732544759727,0.0025573802509692,0.0039280076411916,0.0002648990355783,0.0002648990355783,0.0010781076686645,0.0042352759807605
Yangquanshi_140300,1459445.156612873,3213223.012752584,159,93,57,41,35,30,510752.41900000087,10046.599999999991,15480,1.6430678466076696,0.0005573104343055,0.0012936118128631,0.0013399051561996,0.0001038483651796,0.0001038483651796,0.0005022782538689,0.0013176263961264
Zhangzhishi_140400,3532363.036386609,3194321.29852453,163,96,59,44,37,32,740277.7680000006,13523.400000000012,26100,0.7817109144542773,7.217526023167567e-107,0.0004411764705882,0.0,-0.0,-0.0,0.0,0.0022542418959662
Jinchengshi_140500,2408313.896113038,3260574.16221411,181,105,63,46,39,34,826545.0370000001,14890.900000000023,30360,1.7404129793510323,0.0006796650430617,0.0014286039610672,0.0012883205970382,0.0001632300715968,0.0001632300715968,0.0006685656969812,0.0010098995480216
Shuozhoushi_140600,2034386.60841614,3034695.2147955354,158,94,57,42,35,31,466527.22800000047,9497.2,18840,1.663716814159292,0.0004775890109722,0.0018639152403022,0.0022025605895591,0.0001094273435912,0.0001094273435912,0.0007072565121205,0.0022800482733973
Jinzhongshi_140700,3525701.682365417,3132202.915497064,164,96,58,43,36,31,640523.1340000014,12444.5,24060,1.7256637168141593,0.0068629110905896,0.0038314224151912,0.0044626545330358,0.0015153300423306,0.0015153300423306,0.0020545670414067,0.0043212870267652
Yunchengshi_140800,5526741.49804306,3124070.618184418,173,100,61,45,37,32,1038008.9580000011,18376.50000000002,32340,1.6902654867256637,0.0012995567910924,0.0024405172709571,0.002386980814404,0.0003044478965097,0.0003044478965097,0.0014371404716345,0.002378967757593
Xinzhoushi_140900,3157592.1086147428,2966176.9483494894,157,92,56,41,35,30,545874.1210000003,11266.000000000013,21780,1.7433628318584071,0.0011564506022568,0.0025402970662101,0.0032549498434103,0.0002434698199086,0.0002434698199086,0.0012401419235285,0.0033449540599536
Linfenshi_141000,4931468.356818914,3029485.677388369,165,96,58,43,36,31,938868.5820000004,16796.400000000023,29280,1.6814159292035398,0.0011693959076095,0.0025011402106883,0.0026971091291186,0.0002653103298494,0.0002653103298494,0.001430515851129,0.0027202523569374
Huhehaoteshi_150100,3432674.6505264044,2815646.914105651,142,82,49,38,31,27,544264.2930000003,11940.899999999996,20280,1.7728613569321534,0.0023447700893955,0.0041501258380941,0.004954962756615,0.0005423810541138,0.0005423810541138,0.0017506364232774,0.0050615784320095
Baotoushi_150200,3114012.558115214,2656246.635353337,155,90,55,40,34,30,699719.9799999994,19154.599999999984,31080,1.752212389380531,0.0009016350122162,0.0028779806782216,0.0029760278925987,0.0001800037186065,0.0001800037186065,0.0010591910554146,0.0029701333751321
Wuhaishi_150300,684964.1943908631,2489757.781329006,169,99,59,43,36,32,1089963.797000001,19843.600000000017,38040,1.542772861356932,0.0002250691184613,0.0017225361409143,0.0009115737011587,2.282489181928189e-05,2.282489181928189e-05,0.0004785217543316,0.0008975924271264
Chifengshi_150400,4173962.418392569,3398900.5699904147,146,86,50,39,33,28,551010.7070000002,14744.50000000001,24300,1.7374631268436578,0.0008415381124122,0.0021763141143274,0.0030300504800745,0.000220109740225,0.000220109740225,0.0006919064030099,0.0033916165301778
Tongliaoshi_150500,3246610.565872237,3696935.990316418,169,98,60,43,37,32,846764.6520000005,21199.9,33480,1.5870206489675516,0.0003776387100738,0.0019797853069193,0.0017726544696378,9.9486652675967e-05,9.9486652675967e-05,0.0005155531788567,0.0018537681771632
Eerduosishi_150600,2749650.737619549,2475187.345457168,162,95,58,43,36,31,909388.2610000002,15996.20000000002,33300,1.6047197640117994,0.0046391921750011,0.0036126526827868,0.003289313397606,0.0010261448691747,0.0010261448691747,0.0013942675948067,0.0031810136742906
Hulunbeiershi_150700,2563286.430618271,3302230.407123528,178,102,62,45,38,33,1840827.528,39616.09999999997,80940,1.7551622418879056,0.0008379921955021,0.0016799584095743,0.0011727167407217,0.0001942428809934,0.0001942428809934,0.0005595528222744,0.0010301040891382
Bayannaoershi_150800,1650138.55654791,2240799.648799864,167,98,59,44,37,32,969419.5279999996,20585.99999999999,40440,1.592920353982301,0.0003423854195588,0.0017580268793731,0.0014031197492922,7.004383211949357e-05,7.004383211949357e-05,0.0005273167298002,0.0013058052380014
Wulanchabushi_150900,1994853.7794875205,2755350.435083092,142,84,50,38,32,28,570863.0739999998,16172.999999999996,23940,1.6194690265486726,0.0006225391650664,0.0022694822686434,0.0028806406320261,0.0001490665651741,0.0001490665651741,0.0008137930114212,0.0029990841540778
Xinganmeng_152200,1567374.4814848304,3733308.945125215,178,103,62,45,38,33,1188376.4930000014,22007.899999999987,52740,1.5132743362831858,0.000175613863524,0.0014441826946581,0.0009311659158996,4.448779828312608e-05,4.448779828312608e-05,0.0003456831252608,0.0008758044192305
Xilinguoleimeng_152500,1123328.5076332986,2821115.490483839,130,78,47,37,31,27,664601.2359999996,14164.500000000004,33660,0.9085545722713864,7.217526023167567e-107,0.0004411764705882,0.0,-0.0,-0.0,0.0,0.0019823625460357
Shenyangshi_210100,9221428.972453296,4093677.191738576,165,95,58,43,35,31,814715.7300000006,15105.900000000018,28440,1.6253687315634218,0.0041257273400315,0.0089231218754582,0.0085192395107005,0.0009739293797319,0.0009739293797319,0.0031436141310593,0.0092573751933115
Dalianshi_210200,6342456.263155937,4047895.714088479,166,96,59,43,36,31,904929.3400000002,18108.4,31860,1.7079646017699115,0.003058494644932,0.0033395891843788,0.0033350583307509,0.0007191730881804,0.0007191730881804,0.0014682287361582,0.0035706821065243
Anshanshi_210300,3525686.809744239,4080217.89334338,177,103,62,45,38,33,711534.6929999997,16373.800000000005,25800,1.6666666666666667,0.0005053746560604,0.0027988460265837,0.0022861123352027,0.0001293625524047,0.0001293625524047,0.0008097510872477,0.0025332705747657
Fushunshi_210400,2071638.1075994968,4240245.977562664,179,105,63,46,38,34,898007.5120000006,17185.8,30960,1.5781710914454277,0.0005114026902319,0.0019081000456374,0.001580949585484,0.0001378746583632,0.0001378746583632,0.0005132013530812,0.0015437021636197
Benxishi_210500,1800518.5142564774,4236484.619444477,186,108,65,47,39,35,906448.5320000004,16588.500000000004,37080,1.519174041297935,0.0001984067193241,0.0014120237672096,0.0008417255570984,5.0444183720475485e-05,5.0444183720475485e-05,0.0003384412466001,0.0010002499297713
Dandongshi_210600,1936064.1328140495,4249409.133080241,176,102,61,45,38,33,1042588.5410000004,20234.099999999995,36180,1.5634218289085546,0.0003811547681106,0.0015024069747877,0.0012653384247984,0.0001007312148714,0.0001007312148714,0.000411473170919,0.0011562182345943
Jinzhoushi_210700,3093574.694830537,3930035.603390012,166,97,59,44,36,32,584501.6710000007,12021.8,25260,1.6578171091445428,0.0005111831240593,0.0025213183774483,0.0024122292913522,0.0001310717540331,0.0001310717540331,0.0007408019525703,0.0026663422891832
Yingkoushi_210800,2482606.459097981,4092099.880708704,176,102,61,45,38,33,720807.1269999996,14283.600000000006,26820,1.616519174041298,0.0004224247811964,0.0021664946573321,0.0017835200062947,0.0001053829513467,0.0001053829513467,0.0006248881681133,0.0019027993970842
Fuxinshi_210900,1796658.9713498354,3937087.671505662,171,100,60,45,37,32,668987.3830000007,14587.30000000002,25380,1.5486725663716814,0.0003121478349357,0.0014099301342004,0.0011880505141511,8.350264709687405e-05,8.350264709687405e-05,0.0003554297089098,0.001175585095972
Liaoyangshi_211000,2203957.933285713,4133294.575322448,186,109,65,47,39,35,743678.9139999995,15045.600000000006,25680,1.5870206489675516,0.000268033392747,0.0019254774720527,0.0013017690532346,6.881343201432646e-05,6.881343201432646e-05,0.0005075018674487,0.0015328976190959
Panjinshi_211100,1442039.0959374905,4025293.21361233,167,97,59,43,36,31,629227.6740000002,12350.000000000002,21840,1.5604719764011798,0.0003020524534295,0.0018484869335472,0.0015048549966918,7.897172650075418e-05,7.897172650075418e-05,0.0004884082495428,0.0016231472574242
Tielingshi_211200,2510474.547502339,4200191.260249779,184,107,65,46,39,35,888129.9160000007,16432.3,30660,1.592920353982301,0.0007056924357235,0.0021475759924936,0.0017530808387827,0.0001780795662286,0.0001780795662286,0.0006008426204499,0.0017386955421084
Zhaoyangshi_211300,3053989.06106779,3729980.490452313,160,94,57,41,35,31,452972.6680000001,9359.000000000004,18540,1.6194690265486726,0.0005351633161777,0.0018403532503772,0.0020844690963844,0.0001352230474732,0.0001352230474732,0.0005339974627752,0.0022870537519117
Huludaoshi_211400,2361545.744226694,3785116.026488891,139,82,48,37,31,27,508957.5100000002,10478.700000000012,19920,1.6755162241887906,0.000828867758789,0.0021011260193266,0.0027584354734713,0.00021245004622,0.00021245004622,0.0007038402068303,0.0031164255328484
Changchunshi_220100,8312476.041438222,4290045.164203726,173,99,60,44,37,32,1167217.579000002,21242.099999999995,41160,1.672566371681416,0.0032378924930718,0.0072120403237143,0.0056785741455236,0.000770358797787,0.000770358797787,0.0024219542372831,0.0059056716432539
Jilinshi_220200,4428350.038580716,4429443.407921184,184,106,64,46,39,34,1233120.2730000024,24607.00000000001,44760,1.7079646017699115,0.000652671268091,0.0023762101034624,0.0017214676054802,0.0001509320980242,0.0001509320980242,0.000792751093737,0.0017584203150229
Sipingshi_220300,3471626.34535116,4162747.384432239,186,109,65,47,39,35,1022055.8640000004,20224.8,36660,1.5811209439528024,0.0006445495722525,0.0030222840154371,0.002285223540874,0.0001476296780149,0.0001476296780149,0.0008654261906466,0.0022173001586409
Liaoyuanshi_220400,1061981.555111766,4343741.65682826,184,107,64,46,39,34,1044118.8630000008,18701.2,36480,1.4041297935103243,0.0001013563037826,0.0011391766175361,0.0005158051605732,2.247478049675531e-05,2.247478049675531e-05,0.0002070405571399,0.0006043609591619
Tonghuashi_220500,2301755.3634086847,4401388.600387283,189,110,66,47,40,35,1101611.9789999996,20941.39999999999,38040,1.528023598820059,0.000195557138345,0.0015684620606784,0.000835855455371,4.5332794777451e-05,4.5332794777451e-05,0.0003253541696655,0.0009272237730585
Baishanshi_220600,1185230.8259958029,4506140.462150491,190,110,66,47,40,35,1209777.5800000017,22239.799999999992,44040,1.4336283185840708,0.0001013339006211,0.0010159290072314,0.0003872660484028,2.213999343607081e-05,2.213999343607081e-05,0.0001775211162884,0.0004643231208703
Songyuanshi_220700,2996397.983472705,4132076.592990476,191,111,67,47,40,36,1217133.718000002,21799.09999999998,36900,1.575221238938053,0.000375068660857,0.0021856613207204,0.001468385638549,8.501059527109728e-05,8.501059527109728e-05,0.0005670005044408,0.0014613253571334
Baichengshi_220800,1977455.2891552448,3962214.831942546,190,110,66,47,40,35,1451924.0240000011,26853.300000000043,45240,1.4778761061946903,0.0001445646407003,0.0015342704360224,0.000835414385864,3.1221056776896205e-05,3.1221056776896205e-05,0.0003395204748083,0.0009008913545408
Yanbianchaoxianzuzizhizhou_222400,2262925.011859,4634131.385094452,185,108,65,47,40,35,1431368.332000001,25012.50000000001,48600,0.9262536873156342,7.217526023167567e-107,0.0004411764705882,0.0,-0.0,-0.0,0.0,0.000720601631529
Haerbinshi_230100,12047502.551062942,4413639.684055604,177,102,61,45,38,33,1467421.1590000018,28202.500000000025,50040,1.6607669616519174,0.0037402053309837,0.0063776347473313,0.0048684341963888,0.0008809185525773,0.0008809185525773,0.0020420510164265,0.0052446402756981
Qiqihaershi_230200,5353790.53446734,4054916.545261551,191,111,66,48,41,35,1716939.264000001,30576.40000000001,54360,1.616519174041298,0.0005253332444219,0.0023793167290587,0.0016217577336331,0.0001221261236819,0.0001221261236819,0.0005842047109028,0.0016287479921345
Jixishi_230300,1769501.8685784936,4938993.566577442,201,116,69,48,41,37,1900959.0160000024,34425.900000000016,63960,1.3864306784660767,6.215470294750393e-05,0.0010533561257634,0.0003329325987409,1.3147342816581886e-05,1.3147342816581886e-05,0.0001459652183868,0.0004551303094909
Hegangshi_230400,1047796.474775076,4865629.023283655,197,113,67,47,41,36,1844357.2920000025,34595.999999999985,69300,1.2861356932153392,3.347193627400803e-05,0.0009041254335554,0.0002460631883483,7.09930377763782e-06,7.09930377763782e-06,9.835929289705014e-05,0.0003383583791796
Shuangyashanshi_230500,1461189.3787828088,4969515.512123498,197,114,68,48,40,36,1949078.658000002,37468.29999999999,69240,1.3451327433628315,4.991186543654416e-05,0.001248609285128,0.0003995535880531,1.0710336321820544e-05,1.0710336321820544e-05,0.0001611664785777,0.0005449349430206
Daqingshi_230600,3370662.9977651834,4197969.943688357,184,106,63,46,39,34,1401486.9420000012,29453.90000000004,47040,1.648967551622419,0.000405363349421,0.0023162049988883,0.0015976121223588,9.608085430836316e-05,9.608085430836316e-05,0.0005738528039056,0.0016503147058574
Jiamusishi_230800,2737813.865146637,4838727.35776512,192,111,66,47,40,35,1891698.2130000012,32737.19999999999,63480,1.471976401179941,0.0002113946185161,0.0019931346584465,0.0008955247602672,5.031534264645672e-05,5.031534264645672e-05,0.0003241301598915,0.0010398084102037
Qitaiheshi_230900,1028425.8834786416,4903734.777287199,209,121,72,49,44,38,1863260.574000002,34070.00000000002,59820,1.2418879056047198,3.130437523869287e-05,0.000842339361043,0.0002093509378926,6.582991341464061e-06,6.582991341464061e-06,8.654449923201536e-05,0.000279816337442
Mudanjiangshi_231000,2871188.0889608264,4692972.109302563,189,109,65,47,40,35,1588925.474000001,28887.900000000027,53340,1.5103244837758112,0.0002030708787293,0.0013028500039026,0.0006731749752407,4.8526734941921485e-05,4.8526734941921485e-05,0.000246186463887,0.0007587345859302
Heiheshi_231100,1611071.9829954507,4326179.219713754,201,116,69,48,41,37,1877571.528000002,38389.50000000001,64500,1.3480825958702063,7.751095468929517e-05,0.0010855666650367,0.0004456344325022,1.595514239625354e-05,1.595514239625354e-05,0.0001797184734698,0.0005066923215296
Suihuashi_231200,5635429.814770341,4325155.060639263,198,115,69,48,41,37,1523728.5410000016,28802.700000000008,50160,1.5781710914454277,0.0005103353945766,0.0028656114211519,0.0019943969888149,0.000113171250402,0.000113171250402,0.0007240378805113,0.0020552650703621
Daxinganlingdiqu_232700,287717.35502898693,4070793.033017862,187,108,65,46,40,35,2451598.2209999943,53716.69999999996,93600,1.233038348082596,2.3321321599535047e-05,0.000657100492358,0.0001453932319722,4.7331033080335215e-06,4.7331033080335215e-06,6.54563975504665e-05,0.0001639896460784
Shanghaishi_310000,30990581.62995529,4410140.855471215,174,100,60,45,37,32,1410210.0130000033,26573.799999999967,43620,1.5132743362831858,0.0317633503321732,0.0132696712908882,0.0132652886656999,0.0070596843926047,0.0070596843926047,0.0135687472919274,0.0134993696319104
Nanjingshi_320100,10541162.760114431,4104906.2985002254,179,102,61,45,38,32,1239370.451000001,23564.49999999998,37380,1.59882005899705,0.012235660521,0.0088059553567233,0.0079612273171597,0.0024702078089703,0.0024702078089703,0.0077235494408352,0.0069879286826869
Wuxishi_320200,7957573.653803349,4269607.01182529,192,111,66,48,40,35,1342474.4920000045,24600.89999999997,41940,1.551622418879056,0.0080852984539757,0.0050910544750369,0.004275207469122,0.0017460820974351,0.0017460820974351,0.0043652252918627,0.0040700389602374
Xuzhoushi_320300,8113360.850665331,3752659.673578043,188,109,65,47,40,35,842332.6749999997,15832.800000000028,26580,1.542772861356932,0.0044847180302245,0.003933860667907,0.0036202474011133,0.0009096854147772,0.0009096854147772,0.0028497864594475,0.0036003739769999
Changzhoushi_320400,5535662.409371614,4224486.276270816,195,113,67,48,40,36,1304792.7510000037,24578.699999999968,40200,1.6106194690265487,0.006341052577915,0.0044059146149376,0.0035757285805406,0.0013225362273687,0.0013225362273687,0.0035974757902508,0.0032630169247748
Nantongshi_320600,6678797.65051508,4262939.911388496,192,111,67,48,40,36,1296763.1330000036,23693.89999999998,38760,1.6224188790560472,0.0067528251171921,0.0034384508379117,0.0029109871703216,0.0014848832964542,0.0014848832964542,0.0028335269872586,0.0028960417460685
Lianyungangshi_320700,4145975.100821972,3969688.833106969,194,113,67,48,40,36,900521.2429999999,17274.30000000002,28200,1.71976401179941,0.0018445991758489,0.002565093547443,0.0021280318598549,0.0003563389334573,0.0003563389334573,0.0017643909319429,0.0020415612551364
Huaianshi_320800,4483263.565946817,4034498.867626572,202,117,70,49,42,37,1056826.1989999989,19130.200000000008,33420,1.7492625368731562,0.0042461099413903,0.0026779763167982,0.0021343303839319,0.0008781626905493,0.0008781626905493,0.0017956296246803,0.0017842701681869
Yanchengshi_320900,6718542.6135391,4103731.053549296,199,116,69,49,41,37,1064359.4999999995,20302.70000000001,33120,1.663716814159292,0.0084902286197364,0.0029789731936584,0.0024147715952118,0.0018622598713418,0.0018622598713418,0.0022260131617031,0.0023185591516232
Yangzhoushi_321000,4397174.697696924,4120131.811733767,192,111,66,47,39,35,1143539.5730000008,20121.6,37320,1.7935103244837758,0.0059984281046988,0.0026802081301415,0.0022213054935968,0.0012853552081698,0.0012853552081698,0.0020320397633876,0.0018700525088789
Zhenjiangshi_321100,3336800.006526232,4178961.802362302,194,113,68,49,41,36,1248898.3340000014,23531.999999999975,38580,1.6784660766961652,0.0086133685455763,0.0033412468912517,0.0029083193849048,0.001878783843751,0.001878783843751,0.0026048371174359,0.0022199001672676
Suqianshi_321300,4459885.576781988,3956195.187118665,201,117,70,49,41,37,1068240.4729999988,19432.5,30600,1.6696165191740413,0.005921279951739,0.0027448702451256,0.0023282347837378,0.0012860077553552,0.0012860077553552,0.0018649200827019,0.0019386525716697
Hangzhoushi_330100,10389630.151901484,4269315.652841351,179,102,60,44,37,32,1641627.4800000065,31638.499999999964,49260,1.4985250737463127,0.0212522395640924,0.0118974570180778,0.0101640707895553,0.0046734641722855,0.0046734641722855,0.011542029253882,0.0094660155212132
Ningboshi_330200,8767060.850094318,4483613.561898314,198,114,69,49,41,37,1644274.140000006,31853.09999999996,49140,1.533923303834808,0.0089105176121414,0.0048804029618576,0.0037414186327853,0.0019885410895639,0.0019885410895639,0.0044291887755739,0.0035060331863932
Wenzhoushi_330300,9588293.859657764,4509809.6809252,210,121,73,52,44,39,1966751.6450000051,36602.69999999997,60360,1.5545722713864307,0.0067223489753243,0.0035588755978594,0.0023241905990838,0.0015161928801734,0.0015161928801734,0.0034748597847962,0.0022279914574657
Jiaxingshi_330400,5562342.307675362,4397341.157151872,194,113,69,49,42,36,1464984.148000004,27973.199999999957,44280,1.6135693215339233,0.0109122287052066,0.0049102481804104,0.0040123510187951,0.0024460187012295,0.0024460187012295,0.0044518655514528,0.0037299086540313
Huzhoushi_330500,3040137.877990008,4287173.870007015,194,113,68,49,42,36,1469245.194000004,29294.399999999983,44880,1.654867256637168,0.0089987473129045,0.0035275886570113,0.0032584481199082,0.0020269209894074,0.0020269209894074,0.0029887318000404,0.0023454739713583
Shaoxingshi_330600,5362592.344079971,4403298.147239257,201,117,71,53,43,37,1618027.514000006,31391.099999999977,51300,1.584070796460177,0.0083204973634515,0.0040003167430514,0.0033354320230383,0.0018755524634034,0.0018755524634034,0.0034942789861515,0.0027269050085709
Jinhuashi_330700,6279291.226139069,4373405.513858074,201,117,70,50,43,37,1778204.813000006,33825.49999999994,53580,1.5457227138643068,0.0073976218321146,0.0045337204876524,0.0031023091777534,0.0016458099571519,0.0016458099571519,0.0040465645807236,0.0029538977021843
Quzhoushi_330800,2147173.862197876,4256915.86476194,205,119,72,54,43,38,1767458.2210000053,32350.799999999945,53280,1.6843657817109143,0.0017764646998207,0.0018161731158887,0.0009716043090237,0.0003983304137097,0.0003983304137097,0.0013378815541613,0.0009336419190951
Zhoushanshi_330900,642327.4013638496,4584155.815378275,187,107,64,46,39,34,1675060.6410000054,34099.79999999995,51720,1.7315634218289084,0.0021332793936083,0.0015838382441789,0.0009319381903169,0.0004781181944464,0.0004781181944464,0.0011549556044184,0.0008820995082516
Lishuishi_331100,2021591.1550381184,4371671.13386748,212,123,74,57,44,38,1939571.4150000056,35621.39999999995,60420,1.6991150442477876,0.0013404190742593,0.0017258079377632,0.0008796510786594,0.0003083623134059,0.0003083623134059,0.0014765373976817,0.000824861262074
Hefeishi_340100,8576748.528220654,3937217.966734458,184,105,62,46,38,33,1178126.7790000024,23137.60000000001,36900,1.5309734513274336,0.0082893750202648,0.0073419588736677,0.0058354837420463,0.0018320902217904,0.0018320902217904,0.0068740262649668,0.004922712374108
Wuhushi_340200,3414659.6729984283,4087674.402457951,188,108,64,47,39,34,1358536.7840000044,25993.59999999997,40560,1.6873156342182891,0.0063707370457457,0.00298267461604,0.0021767020930411,0.001413144979286,0.001413144979286,0.0023702480650747,0.0017845563956447
Bengbushi_340300,2985542.158106804,3887309.996448877,185,109,66,47,39,35,1024486.2799999998,21317.80000000001,33240,0.7109144542772862,7.217526023167567e-107,0.0004411764705882,0.0,-0.0,-0.0,0.0,0.0013239618087471
Huainanshi_340400,2379018.263010025,3863511.076275347,198,115,69,49,42,37,1043667.2869999998,20983.60000000001,34680,1.6843657817109143,0.0016446471574101,0.0022095072564518,0.0016184764740755,0.0003693812653947,0.0003693812653947,0.0016635158056926,0.0011438285200594
Maanshanshi_340500,2275662.1266868114,4087107.2216627295,192,111,66,47,39,35,1238599.3500000015,25025.399999999998,37440,1.71976401179941,0.0018595159324874,0.002330896318579,0.0017720215838879,0.000376408415454,0.000376408415454,0.0017461230201049,0.0012990262077918
Huaibeishi_340600,2337810.3193421364,3815297.968083472,201,116,70,49,41,37,909032.1719999998,18427.90000000004,29700,1.71976401179941,0.0006910067444732,0.0013587344936324,0.0007528063892237,0.0001413736947831,0.0001413736947831,0.0007625119704245,0.000725381242979
Tonglingshi_340700,766680.458013773,4114416.9637274826,191,110,66,47,39,35,1335660.235000004,26652.200000000004,41400,1.7404129793510323,0.0006608003903277,0.0014315764537361,0.0007360997285583,0.000130900260649,0.000130900260649,0.000980041578265,0.000581460202937
Anqingshi_340800,5501119.82296753,3940844.1907154666,198,114,68,48,40,36,1419832.157000005,24954.600000000028,42840,1.654867256637168,0.0052528855892041,0.0025859059142313,0.0019300908832901,0.0011745880844501,0.0011745880844501,0.0027285805557989,0.0014267123515371
Huangshanshi_341000,1351177.6991717815,4132437.459287109,191,110,65,47,39,35,1695858.9380000008,29967.299999999985,49440,1.828908554572272,0.0022800865237176,0.0016207758657737,0.0010639995192434,0.0005005280988922,0.0005005280988922,0.00135019577037,0.0007067653565282
Chuzhoushi_341100,3967066.3648278713,3956013.045646711,201,117,71,50,43,38,1108408.6910000006,21493.7,34380,1.6342182890855457,0.0071620597206885,0.00298622577318,0.002485868219188,0.0015970568608381,0.0015970568608381,0.0022432377982441,0.0017330564846937
Fuyangshi_341200,7292449.676030159,3706012.16309904,192,111,66,48,40,35,1023684.2699999998,19384.300000000017,33540,1.536873156342183,0.0062888511373163,0.003429985045124,0.0027931225852102,0.0013933555783869,0.0013933555783869,0.003078754140997,0.0025598485795962
Luanshi_341500,5406177.921385765,3841419.568352861,197,116,71,49,43,38,1192960.571000003,21354.00000000002,36840,0.6430678466076696,7.217526023167567e-107,0.0004411764705882,0.0,-0.0,-0.0,0.0,0.0016641003291525
Bozhoushi_341600,4803801.857208252,3720616.353009181,198,114,69,49,40,37,1033349.8909999998,20032.90000000001,31440,1.6194690265486726,0.0038367196577087,0.0025593435313052,0.0019205025141963,0.0008345337579294,0.0008345337579294,0.0019527542434955,0.0016899256186034
Chizhoushi_341700,1418781.3256998062,4073744.806042028,197,113,68,48,40,36,1539273.7540000034,27307.999999999985,47220,1.7256637168141593,0.000929732453555,0.0015772731239589,0.0011393572355238,0.0002050892850295,0.0002050892850295,0.0011845728779365,0.0006669030744006
Xuanchengshi_341800,2393394.264800787,4170541.5291419607,202,118,71,51,43,38,1445008.835000004,28371.299999999977,43980,1.6873156342182891,0.0017426909360971,0.0020887837295567,0.0012964510571029,0.0003519359057313,0.0003519359057313,0.0015305288176131,0.0011108650376678
Xiamenshi_350200,4891272.981667519,4544325.659442164,178,104,63,46,38,34,2493517.744999991,42907.29999999987,73320,0.7728613569321534,7.217526023167567e-107,0.0004411764705882,0.0,-0.0,-0.0,0.0,0.0020051674834504
Putianshi_350300,2540352.9668364525,4542272.2743831305,207,120,72,49,41,38,2455639.2409999925,43525.899999999856,74700,0.8377581120943953,7.217526023167567e-107,0.0004411764705882,0.0,-0.0,-0.0,0.0,0.0004085519489016
Sanmingshi_350400,2448915.894880057,4279459.747008233,225,129,76,60,45,40,2206996.937000001,37957.49999999998,66360,1.752212389380531,0.0048614227637652,0.0015976274240755,0.0006241893910855,0.001106221376941,0.001106221376941,0.0009785854824979,0.0003626301113322
Quanzhoushi_350500,8534865.636612415,4482297.431822042,226,129,76,59,46,40,2408692.7509999927,41810.19999999989,71040,1.6253687315634218,0.0082331810356341,0.0029533090782474,0.0015320114683066,0.0021475794796887,0.0021475794796887,0.0019317896066193,0.0010196864805665
Zhangzhoushi_350600,4840821.185439348,4472920.359985609,237,135,80,61,46,41,2448339.5419999915,42209.39999999989,73740,1.728613569321534,0.0057671449941184,0.0021816905127379,0.0015359743753299,0.0016728593133959,0.0016728593133959,0.0011642551775032,0.0005569216677118
Nanpingshi_350700,2483824.617524385,4268445.215367739,218,125,74,51,45,39,2044070.122,35566.09999999999,61320,1.7374631268436578,0.0046544746306703,0.0014347054691368,0.0005514313745808,0.0010364022749293,0.0010364022749293,0.0009832276814973,0.0004138413308174
Longyanshi_350800,2444869.326018333,4313587.916499852,226,129,76,60,45,40,2239152.1189999986,38889.29999999997,67620,1.705014749262537,0.0037015408886262,0.0014665623372611,0.0005611942390158,0.0008847659349449,0.0008847659349449,0.0007124435428117,0.000349865202218
Ningdeshi_350900,2426302.1770176888,4470937.6993475575,215,124,74,52,45,39,2114972.943000003,40418.59999999985,67260,1.7433628318584071,0.0024259039285827,0.0013774932486946,0.0005774874859824,0.0005504942124716,0.0005504942124716,0.0008619333676543,0.000504262438745
Nanchangshi_360100,5938411.558449744,4031464.93080835,187,107,63,46,39,34,1725512.2240000004,31544.599999999984,51960,1.5781710914454277,0.010965591922135,0.0045347693747738,0.0029212055951506,0.0024404538934758,0.0024404538934758,0.0057314981739985,0.0027372553662806
Jingdezhenshi_360200,1740834.91369915,4126102.628755159,202,116,69,48,40,37,1681625.340000001,29484.199999999983,50940,1.654867256637168,0.0020772030568752,0.0014322093310685,0.0006319629084277,0.0004563438052707,0.0004563438052707,0.0012498410369023,0.0006202344418425
Pingxiangshi_360300,2015410.673629284,3946952.7111572474,215,124,74,58,44,39,1834842.7159999995,34996.5,58440,1.6607669616519174,0.0046010445694979,0.0013268221233258,0.0005592685655716,0.0010129362242995,0.0010129362242995,0.0012384097056457,0.0004630418944235
Jiujiangshi_360400,4900927.046776294,3881201.971406828,201,116,69,49,41,37,1570933.031000004,30276.80000000005,52200,1.6106194690265487,0.0075494035929786,0.0027771927436688,0.0017793945640725,0.0016786696881817,0.0016786696881817,0.0050934340196155,0.0015731037214812
Xinyushi_360500,1211464.6629891396,4016503.774847855,213,123,74,51,44,39,1811511.4700000065,33958.700000000026,55560,1.663716814159292,0.0040305728810175,0.0011098490055389,0.0004211414820344,0.0008892842956077,0.0008892842956077,0.000686229641518,0.0003367436373088
Yingtanshi_360600,1249000.3011431694,4198071.774278807,213,124,74,58,44,39,1814346.8370000008,31738.999999999975,55680,1.7492625368731562,0.0024018505116064,0.0011325171373137,0.0004406344270849,0.0005289326717961,0.0005289326717961,0.0008368967495763,0.0003810035209783
Ganzhoushi_360700,9486849.50271988,4120387.652263114,225,130,77,60,46,40,2245935.822,38287.19999999996,66900,1.592920353982301,0.0322449935959966,0.0029030475217251,0.0016443132318412,0.0071178295436884,0.0071178295436884,0.0025063803447452,0.0014156539896255
Jianshi_360800,5229944.744581699,4016250.6007873896,213,123,73,52,44,39,1963879.995000001,35897.50000000001,57540,1.7463126843657817,0.0136982208699646,0.0022397456670237,0.001361988227672,0.003031150513002,0.003031150513002,0.0019558888734252,0.0010871370178791
Shangraoshi_361100,7230368.704909325,4089899.852767244,218,127,76,59,45,40,1810685.1170000008,31916.79999999998,55560,1.6814159292035398,0.0058719497520933,0.0031618437157639,0.0018171288875641,0.0013069820577707,0.0013069820577707,0.0029666037600256,0.0016020221380452
Jinanshi_370100,7633725.377641916,3658842.7778176586,156,90,54,40,34,29,497503.4959999992,9422.30000000001,16200,1.5870206489675516,0.009075418217822,0.0082067767706568,0.0112753643148953,0.0015858283431817,0.0015858283431817,0.0054178235127246,0.0122019141627155
Qingdaoshi_370200,9414383.247399569,3967112.154423913,163,95,57,42,35,31,799848.2559999999,15912.100000000017,22920,1.6194690265486726,0.0072499019213662,0.0060693665606372,0.0075906478944409,0.0014630206983442,0.0014630206983442,0.0041151043722481,0.0084250035533085
Ziboshi_370300,4985486.620795488,3747758.373556103,176,103,62,45,38,33,566609.1689999992,11636.100000000002,18840,1.7138643067846608,0.0075413507690331,0.0034558785865117,0.0039208388837936,0.0015703455526037,0.0015703455526037,0.0021837821969234,0.0041796385130233
Zaozhuangshi_370400,3915968.022662163,3775233.542177284,182,106,63,46,39,34,794953.8439999998,14349.200000000015,23400,1.6932153392330382,0.0017960320292755,0.0023897205283641,0.0023265518093918,0.0003117903664127,0.0003117903664127,0.001443079541145,0.0024590846609202
Dongyingshi_370500,2254908.413056016,3777603.702391113,167,97,59,43,36,31,522517.6169999993,10500.300000000005,15720,1.6755162241887906,0.0012429209458995,0.002045463710571,0.0022126523917925,0.0002024804973704,0.0002024804973704,0.0010553911083113,0.0024042668459959
Yantaishi_370600,6719726.819449663,3959716.061586928,169,98,60,44,37,32,849685.6390000003,15937.90000000002,24660,1.6873156342182891,0.005111992715082,0.0033349754091109,0.0039239461668367,0.0011274480351919,0.0011274480351919,0.002119774328191,0.004344857039078
Weifangshi_370700,9639713.080731869,3838429.393042045,178,104,62,46,39,34,659614.7779999995,13338.600000000006,20700,1.6430678466076696,0.0071870507762151,0.0045445733462742,0.0054369691522394,0.0015188858556103,0.0015188858556103,0.0028771638526162,0.0059759267023867
Jiningshi_370800,8798155.998080969,3636575.174106841,180,105,63,46,39,34,668540.3729999994,12386.999999999998,23820,1.5811209439528024,0.0086318307769074,0.0042461062730328,0.0048110374148323,0.0018055435142571,0.0018055435142571,0.00277139288077,0.0051450508895674
Taianshi_370900,5670240.86445713,3650897.658868001,171,100,60,45,37,32,612155.0229999992,11564.699999999995,19560,1.705014749262537,0.0063525704325088,0.0030901111151679,0.0036652660721266,0.0013261653887503,0.0013261653887503,0.0020169607969019,0.0039367624361651
Weihaishi_371000,2563930.562025785,4128944.388378713,163,94,57,42,35,31,946294.3469999996,17323.400000000012,29640,1.7433628318584071,0.0015567820177183,0.0019478951268877,0.0020162529302934,0.0003296661066632,0.0003296661066632,0.0012434636511078,0.0021610054015512
Rizhaoshi_371100,2689361.88472867,3936530.4047069466,181,105,63,46,38,34,810877.9059999998,16374.700000000015,25560,1.7079646017699115,0.0014272066106484,0.0022857242029096,0.0023237539319141,0.0002916228761849,0.0002916228761849,0.0012953499043188,0.0022819867206458
Linyishi_371300,10056065.85886526,3823793.306979992,184,107,64,47,39,34,802235.862,14391.800000000016,23220,1.6135693215339233,0.0046625868802431,0.0047323932048456,0.005161883648127,0.0009371702362071,0.0009371702362071,0.0031006066784937,0.0054891779608717
Dezhoushi_371400,6260724.30450201,3570265.7419451484,154,90,55,40,34,30,417618.3929999995,8688.200000000006,14640,1.6371681415929202,0.009026631954215,0.0037651252138186,0.0061816799628039,0.0019265517869881,0.0019265517869881,0.0022252958663466,0.0068181414273482
Liaochengshi_371500,6361384.412071466,3545520.809927344,162,95,58,42,36,31,537381.9779999997,10424.999999999996,17820,1.654867256637168,0.0066887548916404,0.0031374790328182,0.0044434093157017,0.0014162663884071,0.0014162663884071,0.0019616252365327,0.0048166753250619
Binzhoushi_371600,4000454.598196268,3694034.26281965,168,99,60,44,37,32,493234.7869999993,10419.600000000004,14400,1.6902654867256637,0.0050042921363621,0.0031101502155647,0.0038614444545686,0.0009914227702887,0.0009914227702887,0.0017259896317511,0.0041572189795728
Hezeshi_371700,8496548.46367979,3577053.888200063,170,99,60,44,37,32,719742.1690000005,13960.600000000006,22920,1.5811209439528024,0.007335833202642,0.0035909505535501,0.0043453708978483,0.0015195850715521,0.0015195850715521,0.0024946896985515,0.0047002667663781
Zhengzhoushi_410100,11172920.86454725,3402592.6332874987,171,98,58,43,36,31,844327.3189999996,16163.700000000032,26880,1.59882005899705,0.0136412857242473,0.0126578194396569,0.0127557966813336,0.0028226505978701,0.0028226505978701,0.0124040351286259,0.0129958606156526
Kaifengshi_410200,4614262.798120499,3526062.9072928024,184,107,64,46,39,34,793768.0109999992,16447.300000000025,25380,1.7433628318584071,0.0086470274562184,0.0034058059035067,0.0031145401466258,0.0019020695761082,0.0019020695761082,0.0029185986120025,0.0031142792368474
Luoyangshi_410300,6646800.268051624,3260067.372348749,182,105,63,46,39,34,1018843.2490000008,19968.00000000002,33900,1.6666666666666667,0.0047653070735086,0.0036612939299697,0.0032427951973193,0.0010646905993459,0.0010646905993459,0.0031096792778927,0.0033204839052086
Pingdingshanshi_410400,5002394.268591881,3404330.157344377,193,112,67,48,40,36,997671.0530000002,18224.300000000032,30000,1.696165191740413,0.00398682278231,0.0025751776165287,0.0021556152516324,0.0008870081446638,0.0008870081446638,0.0022963715864574,0.0020750126439696
Anyangshi_410500,5181527.278662205,3395755.193178253,164,95,58,43,36,31,661708.400000001,12040.000000000007,19860,1.728613569321534,0.0032526931012068,0.003257878940772,0.0037725288855754,0.000726197945847,0.000726197945847,0.0023494462784,0.003968194324728
Hebishi_410600,1785671.422355175,3445408.660818677,175,102,61,45,38,33,678797.9360000012,12477.900000000016,20040,1.7581120943952802,0.0007981221440277,0.0015048413319656,0.0012975490322529,0.000170877615396,0.000170877615396,0.0008699321658705,0.0012543502662472
Xinxiangshi_410700,6150867.286064147,3409310.6743249283,181,105,63,46,39,34,753515.3540000003,14351.10000000002,22200,1.640117994100295,0.0058462252766758,0.0038350166592654,0.0036867181783511,0.0012912796440427,0.0012912796440427,0.0031430444471197,0.0037689238154093
Jiaozuoshi_410800,3839205.417335033,3366916.784695225,186,108,65,47,39,35,836695.5909999998,15019.10000000002,24960,1.7374631268436578,0.0020760657063547,0.0027050147757473,0.0023440926135503,0.0004586440412538,0.0004586440412538,0.0020909973176576,0.0022225491748768
Puyangshi_410900,3540003.829480171,3541896.8613553606,160,93,57,41,35,30,655674.9439999993,12215.1,21180,1.7079646017699115,0.0018928069196294,0.0023842407625587,0.0027891247927667,0.0003844977906152,0.0003844977906152,0.0016703324569831,0.0029620247054771
Xuchangshi_411000,4585094.894495726,3456022.7200833275,188,109,65,47,39,35,904907.5040000004,16845.500000000033,28260,1.761061946902655,0.0040521592749871,0.0027474168049564,0.002375623522252,0.000888010150758,0.000888010150758,0.0024102074651234,0.0023055715968612
Sanmenxiashi_411200,2136362.7679253817,3170167.131768885,190,110,66,47,39,35,1129766.638,20039.800000000017,35400,1.7227138643067843,0.001192289169932,0.0016485259687784,0.0012121742640158,0.0002668682067647,0.0002668682067647,0.0010510779756694,0.0010835923555141
Nanyangshi_411300,11086103.51118207,3298989.841410505,194,112,67,48,40,36,1135653.7160000007,19407.600000000017,34800,1.6224188790560472,0.0080587918827864,0.0032034726324499,0.002755727362816,0.0017882597578495,0.0017882597578495,0.0045483329751766,0.0028750191646315
Shangqiushi_411400,6892977.523938179,3605003.2309341417,182,105,63,46,39,34,826215.1659999994,15675.60000000002,26880,1.6106194690265487,0.0058922503758467,0.0033593196604557,0.0031649225076138,0.0012753056715344,0.0012753056715344,0.0028231427141263,0.0032013150750507
Xinyangshi_411500,5575700.435856581,3630556.230457977,172,99,60,44,37,32,1213201.017999996,21155.00000000002,35760,1.616519174041298,0.0064849209505696,0.0025491262113509,0.0023631762629164,0.0014590211776478,0.0014590211776478,0.0049185625856667,0.0024334438694838
Zhoukoushi_411600,8033584.247490168,3577878.6102050124,175,101,61,45,37,32,869558.9530000004,16076.200000000024,29280,1.5811209439528024,0.0071938462265506,0.0037898408336585,0.0037715316486411,0.0015874433794489,0.0015874433794489,0.0035061021943585,0.0039052157137405
Zhumadianshi_411700,7065749.60078156,3537072.389764535,182,105,63,46,39,34,1044487.2300000011,18894.300000000025,31560,1.646017699115044,0.0080031955385314,0.0028076783805278,0.0025796837179933,0.0017768728934941,0.0017768728934941,0.0035105098747527,0.0026892563950779
Jiyuanshi_419001,749297.0896630287,3295659.136838116,189,110,66,47,39,35,915177.1410000004,17270.300000000036,29340,1.6666666666666667,0.0003224589596313,0.0010516822615746,0.0005297976219291,6.708918563673214e-05,6.708918563673214e-05,0.0004943061313095,0.000507563917157
Wuhanshi_420100,11630317.558193922,3756095.8833243977,180,102,61,45,37,32,1380877.836999998,25539.100000000035,41760,1.542772861356932,0.0215863229060279,0.012637150566826,0.0089438863398068,0.0047426660283404,0.0047426660283404,0.210176212644356,0.0076730099636755
Huangshishi_420200,2105778.9665341377,3868372.073618303,200,116,70,53,42,37,1421682.0520000046,27935.500000000036,46860,1.6607669616519174,0.0054787951819768,0.002358282997227,0.0012247603470004,0.0012124928031925,0.0012124928031925,0.0155882431298678,0.001065516051911
Shiyanshi_420300,3259472.459747553,3176220.442765592,201,116,69,49,40,37,1445777.0449999976,27774.70000000004,60180,1.752212389380531,0.0041512804621219,0.0018205941644188,0.0011732164954349,0.0009283468905453,0.0009283468905453,0.0055153171735004,0.0008567865243141
Yichangshi_420500,3928870.476340294,3400691.64909522,200,115,69,49,40,36,1538361.8309999974,28875.199999999968,48060,1.761061946902655,0.0044967986914946,0.0024724861556469,0.00141418352819,0.001063751321294,0.001063751321294,0.010260467844164,0.0011352075526928
Xiangyangshi_420600,5246549.135469675,3395030.180599284,200,116,69,49,41,37,1262757.7519999975,23345.40000000003,40440,1.648967551622419,0.0059861442356837,0.0026644450827052,0.0018448311208649,0.0013177364209249,0.0013177364209249,0.0116305426198308,0.0014746958507646
Ezhoushi_420700,917217.7610998154,3841896.572784744,196,114,69,53,41,36,1371217.8070000038,26922.200000000044,44460,1.6755162241887906,0.0021858296698281,0.0021099709090085,0.001048026687272,0.000469586933111,0.000469586933111,0.0171215282028507,0.0009160644800372
Jingmenshi_420800,2671683.7847719197,3529487.473551887,208,121,72,51,44,38,1430159.8929999976,24708.70000000001,44340,1.7551622418879056,0.0053310967811499,0.0020105446333284,0.00099836789848,0.0011708263838633,0.0011708263838633,0.0094770541790933,0.0008076201093294
Xiaoganshi_420900,4601386.339653254,3664086.358470798,198,115,69,49,42,37,1301582.6669999985,24992.000000000036,41220,1.7345132743362832,0.0078137015097798,0.0033614020304049,0.00231589522419,0.0017280521270202,0.0017280521270202,0.0291159725937318,0.0017564230934601
Jingzhoushi_421000,5048528.007999897,3570747.14774088,209,121,73,52,44,39,1544764.2449999976,27991.300000000017,45900,1.6607669616519174,0.0095407488956205,0.0031157465234815,0.0017036199559258,0.0020958505301752,0.0020958505301752,0.0159170904536092,0.0013920046061711
Huanggangshi_421100,5898089.525819898,3770774.705627784,203,118,71,51,43,38,1374656.631000004,26667.400000000045,43260,1.59882005899705,0.0104177408403218,0.0034953935668585,0.0024500297882735,0.0023094691938019,0.0023094691938019,0.0271858173346213,0.0019196838090056
Xianningshi_421200,2312625.791946888,3791395.4968595896,203,118,71,51,43,38,1501080.0049999976,28534.30000000002,49260,1.6696165191740413,0.0059031699870658,0.0019480004551743,0.001058034026796,0.0013020964293929,0.0013020964293929,0.0126327817990159,0.000862310576941
Suizhoushi_421300,1876106.420516968,3574466.518675894,195,112,67,48,40,36,1372307.580999998,23786.50000000002,38280,1.7315634218289084,0.0054521806230032,0.00165707875736,0.0011944759239951,0.0012099262514444,0.0012099262514444,0.0079747580996093,0.0007292347136905
Enshitujiazumiaozuzizhizhou_422800,2947687.5928754807,3278227.535955053,209,121,72,50,44,38,1815268.065,33047.899999999994,56940,1.7640117994100295,0.0047106455354926,0.001818412651817,0.0008683488909913,0.0012106539945776,0.0012106539945776,0.0054104879826449,0.0007243345543552
Xiantaoshi_429004,967122.761259794,3687622.314154737,203,118,71,54,43,37,1469936.420999998,27767.200000000063,44760,1.7315634218289084,0.0056154532934388,0.0015146261931073,0.0006422657737433,0.0012312995044124,0.0012312995044124,0.0074030396186965,0.0004855593115675
Qianjiangshi_429005,839345.0242853165,3650335.94985433,209,121,73,57,43,39,1533076.2119999975,27058.00000000004,44040,1.654867256637168,0.0020883441130185,0.0011654785488122,0.0004209054532423,0.0004551319674323,0.0004551319674323,0.0042286879679212,0.0003348139756601
Tianmenshi_429006,1474725.5854244232,3641088.659221461,217,126,76,59,45,40,1532567.5649999972,26565.000000000025,42660,1.752212389380531,0.0058088161806421,0.0013119984476232,0.0005351761634941,0.0012660684655791,0.0012660684655791,0.0049444530799545,0.0003729893721284
Shennongjialinqu_429021,70375.50061941147,3341601.094373105,205,116,68,52,41,35,1576131.3759999974,26586.80000000003,53160,1.294985250737463,0.0001894179167064,0.0007157569647202,0.0001905141371044,5.506455281311066e-05,5.506455281311066e-05,0.0009144464157499,9.26166929875942e-05
Changshashi_430100,8164556.920244694,3767258.950625864,187,105,62,45,38,33,1746272.4030000025,31192.1,52560,1.575221238938053,0.0367367862520248,0.0122906902134495,0.0082270674747159,0.0081563539841223,0.0081563539841223,0.0173929969337285,0.0065559584430605
Zhuzhoushi_430200,4299574.207071781,3887976.626903856,206,119,71,52,43,38,1887761.618999999,35443.6,57120,1.6814159292035398,0.0134627615073649,0.0031401671018381,0.0021541973432837,0.0029947561402377,0.0029947561402377,0.0035536720525367,0.0014349767804507
Xiangtanshi_430300,2713949.0035102367,3797775.670713223,204,118,71,55,43,37,1890854.0239999995,32455.20000000001,55620,1.784660766961652,0.0093282251643474,0.0028509997184578,0.0015830200482199,0.0020663531345463,0.0020663531345463,0.0031350960953157,0.0012550805421157
Hengyangshi_430400,7408733.979924679,3831337.8960210825,220,127,76,59,45,39,1938167.228,34876.7,58740,1.648967551622419,0.0303944965121727,0.0031182203405071,0.0019796529106697,0.0067112718243363,0.0067112718243363,0.0031449324959527,0.0014560114071629
Shaoyangshi_430500,7088197.830705166,3702580.0346443774,226,131,78,61,46,40,2071399.1949999991,37586.99999999992,64200,1.6224188790560472,0.0199721346647069,0.0026992405529017,0.001466541184503,0.004415603686673,0.004415603686673,0.0025613698189396,0.0011279193875067
Yueyangshi_430600,6044432.787023782,3701556.923024773,209,121,73,55,44,38,1635760.427,29453.300000000003,49320,1.672566371681416,0.0150822293166813,0.0033046187375154,0.0024705865486087,0.0033572209829884,0.0033572209829884,0.0056673328641123,0.0015776918478476
Changdeshi_430700,5734456.052826881,3498505.691394044,215,124,74,58,44,39,1656034.5759999987,29539.099999999973,51600,1.7138643067846608,0.0114477200531532,0.0026564159893873,0.0017567406224031,0.0025392439842643,0.0025392439842643,0.003470159647607,0.0011424101090253
Zhangjiajieshi_430800,1423277.5759572985,3456223.557739708,202,115,69,49,41,36,1823556.148,37047.09999999998,59880,1.8908554572271383,0.0052139052622404,0.0017453761702888,0.0008919626334849,0.0011526120080604,0.0011526120080604,0.0017307919028233,0.0005709123964865
Yiyangshi_430900,4229768.14991951,3654286.828966919,214,125,75,58,44,39,1788896.949,32225.600000000017,54480,1.7581120943952802,0.0109192850562343,0.0027508569379189,0.0015804861908193,0.0024125992111898,0.0024125992111898,0.0031836894550841,0.0011998218498769
Chenzhoushi_431000,4927508.37253189,3954363.580002335,224,130,77,60,46,40,2082976.6260000009,36509.499999999935,63000,1.6371681415929202,0.0234139435995728,0.0020910241733247,0.0010470412782202,0.0051649132752712,0.0051649132752712,0.0018892019192914,0.0009122042066972
Yongzhoushi_431100,5007429.018168926,3818172.261111636,226,131,78,60,46,40,2234969.026000001,39098.89999999989,70260,1.6106194690265487,0.0227562895146464,0.0022040802592876,0.0010978439771664,0.0050227147628503,0.0050227147628503,0.0019035072471847,0.0009327362837109
Huaihuashi_431200,4794951.7167954445,3577256.772459902,223,129,77,60,45,40,2122187.762999999,36643.29999999997,63420,1.654867256637168,0.0081434098424114,0.0020779345224397,0.0009834342419149,0.0018165959182983,0.0018165959182983,0.0018303919332022,0.0007914140234218
Loudishi_431300,3729401.249190331,3694601.067454072,215,125,75,58,44,39,1912413.464,33364.20000000002,58620,1.7227138643067843,0.0098978303267496,0.0023993524934572,0.0012343541061726,0.0021922478853035,0.0021922478853035,0.0023893255712793,0.0009773303649739
Xiangxitujiazumiaozuzizhizhou_433100,2629783.5558753014,3441312.4048200524,220,127,75,59,45,39,2074893.2139999997,35455.60000000004,60480,1.7404129793510323,0.0053409610038861,0.0018989256049899,0.0008475931801537,0.0012064109721729,0.0012064109721729,0.0020836148604451,0.0005929329249124
Guangzhoushi_440100,16767793.323467731,4227794.688730436,194,111,66,48,40,35,2474450.2579999994,44610.999999999854,75360,1.533923303834808,0.4900848160576658,0.0186270691031168,0.0131553960390608,0.1085703567827258,0.1085703567827258,0.0175654035669922,0.0130720678456542
Shaoguanshi_440200,2930801.006807804,4072788.691938684,224,131,78,60,45,41,2284916.8520000027,40288.99999999986,68820,1.6283185840707963,0.0435512781571745,0.0018086352701292,0.0009064080671018,0.0095820802220359,0.0095820802220359,0.0013358920786945,0.0008000207928185
Shenzhenshi_440300,14637518.81181717,4355460.071227506,191,107,63,46,38,33,2740828.1049999907,46325.7999999999,77280,1.4837758112094397,0.4760951442590631,0.0157722145146694,0.0115394726417741,0.105021442072508,0.105021442072508,0.0161024776431929,0.0096190222217599
Zhuhaishi_440400,1400347.269981861,4334003.1355022825,195,108,63,47,38,33,2610986.054999996,46097.599999999824,104400,1.6784660766961652,0.0772326111976003,0.0038102816798529,0.0028194544650845,0.016996901796704,0.016996901796704,0.0030178360789227,0.001914957023322
Shantoushi_440500,5977552.521266938,4512005.697711014,234,136,81,61,46,42,2550892.120999989,43684.69999999985,78600,1.616519174041298,0.036815974441457,0.0031095972357934,0.0022125273411301,0.00814389783211,0.00814389783211,0.0020878099056216,0.0011170024387318
Foshanshi_440600,8885413.074063301,4216539.294479909,210,122,72,55,43,37,2514953.2779999995,45276.99999999984,76200,1.5398230088495577,0.3763908191089156,0.0111659105888856,0.0075832989403925,0.0825434321304643,0.0825434321304643,0.0095384625822077,0.0062672793988393
Jiangmenshi_440700,4734394.606990814,4253073.254892025,224,131,78,59,45,41,2638832.5939999963,47685.89999999982,80700,1.6666666666666667,0.0874785859979506,0.0034961667264881,0.0029053138595792,0.0193277087035173,0.0193277087035173,0.0025964489851123,0.0015345195353834
Zhanjiangshi_440800,7259407.228891372,4132411.438958797,229,133,79,61,46,40,3025537.057000001,51084.09999999989,86400,1.6814159292035398,0.0518593923156296,0.0027335637875036,0.0015149621759704,0.0114234757558317,0.0114234757558317,0.0017691434325524,0.001199348801761
Maomingshi_440900,6364373.380271912,4131243.0629334208,236,138,83,63,47,44,2767609.0950000007,48901.499999999854,82980,1.663716814159292,0.0578878622032237,0.0024581624384643,0.0012572869453203,0.0127527130874927,0.0127527130874927,0.0015925134226761,0.0010595532036654
Zhaoqingshi_441200,4389221.17591095,4078990.385723276,227,133,80,60,46,42,2453541.773000001,44001.29999999989,74460,1.663716814159292,0.0878296701315101,0.0031348503475924,0.0024122135176069,0.0194270077026486,0.0194270077026486,0.0022372756300887,0.0013541001264341
Huizhoushi_441300,6860549.202513218,4286306.4886356825,210,122,73,56,43,38,2637696.3809999907,45002.9999999999,75900,1.592920353982301,0.2950828720192246,0.0071793295080621,0.0057639379586895,0.0650909063589499,0.0650909063589499,0.0065488060004136,0.0037760880412037
Meizhoushi_441400,4697626.827642918,4356618.852677267,237,138,83,63,47,44,2378677.6299999943,40406.99999999992,71640,1.6135693215339233,0.0438822463278169,0.0018854378623421,0.0009253231658415,0.0096579802202284,0.0096579802202284,0.0012381852673111,0.0007265033837868
Shanweishi_441500,3296303.6011095047,4438231.223204935,231,136,82,62,46,43,2655398.8829999897,45266.0999999999,79260,1.5811209439528024,0.0430409190059544,0.0015821566388323,0.0007725291719195,0.0094862945394244,0.0094862945394244,0.001049567462163,0.0006144108031595
Heyuanshi_441600,3794470.578820228,4255643.537597086,231,136,82,62,46,43,2510684.5789999906,42259.79999999989,73020,1.592920353982301,0.0564785759560785,0.001927380086923,0.0010115826096206,0.0124391827365536,0.0124391827365536,0.0013853736289844,0.0008133847034783
Yangjiangshi_441700,2593427.45667696,4205266.71723448,230,134,80,61,46,42,2705097.313999999,47913.29999999981,80520,1.6253687315634218,0.0299436160216001,0.001555786162133,0.0007192243922236,0.0065990536729102,0.0065990536729102,0.0008845873630715,0.0005872806913372
Qingyuanshi_441800,4048630.451989174,4027256.635110982,220,129,78,59,45,41,2325085.476000002,44091.09999999989,75240,1.616519174041298,0.1116261853041183,0.0032142965992206,0.002544730009762,0.0245765162677616,0.0245765162677616,0.0025650973984684,0.0015590247291237
Dongguanshi_441900,8564106.35985279,4309498.709739517,207,119,71,54,43,37,2573379.347999997,45821.69999999984,77760,1.463126843657817,0.4615083201677218,0.0125023003659058,0.0084030676293003,0.1016379397416003,0.1016379397416003,0.0120895516671749,0.0068572566937773
Zhongshanshi_442000,3782880.185365677,4308099.810376228,210,121,72,55,42,38,2575853.301999997,45649.29999999983,78840,1.533923303834808,0.1365007494697086,0.0061254061779128,0.0054091974251843,0.0301971810344816,0.0301971810344816,0.0048842114098221,0.0028638809318682
Chaozhoushi_445100,2787694.303616047,4495141.821496096,238,138,82,62,47,43,2564462.951999989,44168.89999999985,78420,1.5958702064896757,0.0145990048664654,0.0017998472052565,0.0008955537206002,0.003227407753758,0.003227407753758,0.0010606358541424,0.000544964089948
Jieyangshi_445200,6336187.793626308,4449125.04824565,238,139,83,63,47,44,2567934.656999989,43241.09999999987,76380,1.6519174041297937,0.0446518405896959,0.0027685064294113,0.0017139330175637,0.0098479325116817,0.0098479325116817,0.0018609584963886,0.0010455764108837
Yunfushi_445300,2511605.9878525734,4117770.824035435,233,137,83,62,47,43,2571339.506999997,46634.99999999982,79740,1.5162241887905603,0.034477589695961,0.001618145513507,0.0007813339689513,0.0075967014433003,0.0075967014433003,0.0009451342020269,0.0006030322172711
Nanningshi_450100,7067225.240400791,3807110.7678854433,209,119,71,51,43,37,2729749.570999999,46196.39999999983,86400,1.6578171091445428,0.0262793388470279,0.0073428037910293,0.003253671622317,0.0058196536911473,0.0058196536911473,0.0041528574587049,0.0029467665467224
Liuzhoushi_450200,4127042.53903985,3708733.2042057416,224,129,77,59,45,39,2453266.218,42664.29999999988,77400,1.696165191740413,0.0086542796552028,0.0029960988808009,0.0011659975021328,0.0019202125167765,0.0019202125167765,0.0016745103482779,0.0010709068489666
Guilinshi_450300,4869520.525184631,3758691.657261409,205,118,70,50,42,37,2307810.152,40115.99999999986,71400,1.7168141592920354,0.0169189847379898,0.0029089610329223,0.0015949393934021,0.0037534212254378,0.0037534212254378,0.0019915742257215,0.00140431497011
Wuzhoushi_450400,2974327.4746541977,3942505.55461366,235,137,82,62,47,43,2594494.6489999974,45737.79999999982,77940,1.575221238938053,0.0192138495650615,0.0017380091928306,0.000703373443387,0.0042377099953921,0.0042377099953921,0.0009124327358789,0.0005968731468739
Beihaishi_450500,1548265.4762935638,4064718.674048927,204,116,69,50,42,37,2846505.3160000006,47471.89999999988,86400,1.7994100294985251,0.0056230878928081,0.0018082704046379,0.0006816843304113,0.0012513516321778,0.0012513516321778,0.0010431967324051,0.0006561734912412
Fangchenggangshi_450600,833572.4546432494,3933065.913327489,216,124,73,56,43,39,2955566.444000001,51730.29999999987,93600,1.7315634218289084,0.0033843337862635,0.0014635939776515,0.0004507686551979,0.0007710902688269,0.0007710902688269,0.0005926011861708,0.0004271761272218
Qinzhoushi_450700,3087334.731133461,3976583.752251784,231,135,81,61,46,43,2770223.1110000005,47367.99999999987,85800,1.6283185840707963,0.013998443633611,0.0022354154993844,0.0008151110922803,0.0030849062690843,0.0030849062690843,0.0010745465854712,0.0007305441973798
Guigangshi_450800,4407420.146422625,3945473.246718744,239,140,84,63,47,44,2658192.441999996,45482.39999999981,79680,1.584070796460177,0.0229525936722978,0.0021936345620207,0.0008996835928575,0.005064976903047,0.005064976903047,0.0011598751097927,0.0007725156044079
Baiseshi_451000,3526983.76607132,3481327.2613129835,236,138,82,62,47,43,3016784.4760000007,52488.39999999987,93600,1.5811209439528024,0.0090227153385582,0.0022212177546602,0.0007943310946184,0.0019877965232907,0.0019877965232907,0.0010428446433109,0.0007031239632353
Hezhoushi_451100,1972415.910815239,3951374.140322159,233,136,82,62,46,43,2390954.4350000024,42369.89999999988,71100,1.589970501474926,0.0116255928868603,0.0013651963481148,0.0005129160723519,0.0025785354867075,0.0025785354867075,0.0006973528099896,0.00043349392978
Hechishi_451200,3087079.5809650416,3585750.6647324115,233,136,81,61,46,43,2717206.906999999,46009.999999999854,83220,1.6017699115044248,0.0088144798647267,0.0021436586576583,0.0007968896939273,0.0019535209841493,0.0019535209841493,0.0010346098356924,0.0006823578662512
Laibinshi_451300,2008876.0480716228,3816778.949385421,234,136,82,62,46,43,2549507.958999997,44780.89999999984,78060,1.592920353982301,0.0064410953875556,0.001994920196368,0.0006882971901004,0.0014222669743092,0.0014222669743092,0.0009439574391574,0.000604634691851
Chongzuoshi_451400,2342881.208982229,3781691.586379584,231,135,81,61,46,42,2931715.641000004,49510.999999999854,90000,1.6106194690265487,0.0062732190899642,0.0018282770645386,0.0006269974616022,0.0013821268081976,0.0013821268081976,0.0008224094976347,0.0005712842299795
Haikoushi_460100,2549099.66312027,4310984.240836686,175,101,60,44,36,32,3140719.543000003,52799.59999999988,100800,1.7551622418879056,0.0064542810288949,0.0078781131819239,0.0024470827478596,0.001453689697928,0.001453689697928,0.0022748742880064,0.0025416606724185
Sanyashi_460200,903601.2514772416,4379569.666485081,151,85,50,37,31,27,3154314.558000003,54128.39999999988,111600,1.828908554572272,0.0045747408101141,0.0043588198085058,0.0019084702740801,0.0010469422945015,0.0010469422945015,0.0016051361417788,0.0019981759970886
Danzhoushi_460400,968346.8938102722,4261090.495055288,192,113,69,51,42,37,3154314.558000003,54128.39999999988,104400,1.7492625368731562,0.0007505990442326,0.0023273462928256,0.0005606592686941,0.0001682180494012,0.0001682180494012,0.0005499301001054,0.0005825626001485
Wuzhishanshi_469001,78911.68664693832,4348900.84327472,176,102,62,45,38,33,3154314.558000003,54128.39999999988,108000,1.2654867256637168,5.959508961858056e-05,0.0007826183009388,9.832407424027073e-05,1.3213688176835725e-05,1.3213688176835725e-05,8.287084741526201e-05,0.0001235331218856
Qionghaishi_469002,512305.7664246559,4384886.175011123,176,102,61,44,37,32,3140719.543000003,52799.59999999988,104400,1.7404129793510323,0.0007851963363812,0.0015747072980959,0.0004491847260448,0.0001741364175594,0.0001741364175594,0.0004082510954782,0.0004166823443718
Wanningshi_469006,573878.7792634964,4403332.843633092,177,103,62,45,37,33,3140199.482000003,52674.69999999988,108000,1.6194690265486726,0.0003220222064012,0.0015570990517358,0.000412328334315,7.247795807682144e-05,7.247795807682144e-05,0.0003342875786378,0.0004210589669275
Dongfangshi_469007,410633.8650999069,4273218.09264777,188,110,68,48,41,36,3153723.449000003,53920.49999999988,111600,1.4896755162241888,0.0002102608441769,0.0012706130252481,0.0002497091602591,4.6737197246201946e-05,4.6737197246201946e-05,0.0002205408782658,0.0002788025070402
Dinganxian_469021,292580.4767489433,4344466.911100795,190,112,69,53,41,37,3140199.482000003,52674.69999999988,104400,1.3480825958702063,0.0001937628239124,0.0011966919439919,0.0002225331466307,4.328534011740504e-05,4.328534011740504e-05,0.0002008048207102,0.0002423957760863
Tunchangxian_469022,276019.15508651733,4345714.913006515,198,117,71,56,44,39,3140199.482000003,52674.69999999988,104400,1.191740412979351,0.0001156573139968,0.0009789713592903,0.0001401701614158,2.600892123322825e-05,2.600892123322825e-05,0.000127454632858,0.0001669045772776
Chengmaixian_469023,493273.071185112,4296708.42524792,184,107,65,48,40,35,3154314.558000003,54128.39999999988,104400,1.6430678466076696,0.0004867201435871,0.0020820971465938,0.0005085451969355,0.0001084884937656,0.0001084884937656,0.0004536633156788,0.0005465868816255
Lingaoxian_469024,443321.9559688568,4275967.65322075,196,115,70,55,42,38,3154314.558000003,54128.39999999988,100800,1.4306784660766962,0.0002198426537544,0.0012462415957219,0.0002413869500181,4.967139367230296e-05,4.967139367230296e-05,0.000223322593302,0.0002583550163204
Baishalizuzizhixian_469025,179411.28216171265,4283454.222261511,198,117,71,56,44,38,3154314.558000003,54128.39999999988,111600,1.1740412979351031,5.3451846316437416e-05,0.0007797693645438,8.567436850217492e-05,1.2277855900241656e-05,1.2277855900241656e-05,8.11955816868732e-05,0.0001089800046888
Changjianglizuzizhixian_469026,238027.4786567688,4269151.349051472,195,115,70,55,43,37,3153723.449000003,53920.49999999988,108000,1.3480825958702063,0.0001057006574298,0.0009752766714352,0.0001400773297003,2.387194750601441e-05,2.387194750601441e-05,0.0001316829833089,0.0001625903021241
Ledonglizuzizhixian_469027,469440.90321064,4330320.983966313,179,104,65,46,39,35,3154314.558000003,54128.39999999988,108000,1.542772861356932,0.0002482170148803,0.0014654778552189,0.0003612990342567,5.523477776399045e-05,5.523477776399045e-05,0.0003020865365746,0.0003810466413111
Lingshuilizuzizhixian_469028,331835.668905735,4396028.704281633,160,92,55,41,34,30,3154314.558000003,54128.39999999988,108000,1.7256637168141593,0.000377667227549,0.0015214057371314,0.0005248782335704,8.807092251136981e-05,8.807092251136981e-05,0.0003859631317055,0.0004809248456148
Baotinglizumiaozuzizhixian_469029,191801.3688354492,4387052.161343826,176,103,63,45,39,34,3154314.558000003,54128.39999999988,111600,1.294985250737463,8.738641647160031e-05,0.0008773788034691,0.0001471731859631,1.9218472507001605e-05,1.9218472507001605e-05,0.0001177672735566,0.000170057937092
Qiongzhonglizumiaozuzizhixian_469030,185959.1976547241,4332863.090233547,195,115,70,55,43,38,3154314.558000003,54128.39999999988,104400,1.176991150442478,8.410103134962042e-05,0.0008588184491501,0.0001045515193682,1.900601053252242e-05,1.900601053252242e-05,9.764708462594894e-05,0.0001307351184881
Chongqingshi_500000,27165270.085970875,3058829.685052716,191,111,66,48,40,36,2017227.943,38074.09999999997,66180,0.6047197640117994,7.217526023167567e-107,0.0004411764705882,0.0,-0.0,-0.0,0.0,0.0058963870861824
Chengdushi_510100,17751779.347988844,2797098.9643136524,185,105,62,45,38,33,2206295.100999997,36817.29999999997,70200,1.6017699115044248,0.0226910339510289,0.0202904316278655,0.0133488499678847,0.0051650829257006,0.0051650829257006,0.0114378196303283,0.0085683420474313
Zigongshi_510300,2330002.3104758263,3001836.2332749576,221,129,77,59,45,39,2444532.0759999985,40274.89999999997,72180,1.7345132743362832,0.0040660455079338,0.0021854619868226,0.0009775439013305,0.0009253903411478,0.0009253903411478,0.0009293995525107,0.0005674257593725
Panzhihuashi_510400,1349030.7313456538,3011136.543008598,229,133,79,61,46,42,2929374.321999998,51179.09999999998,97200,1.5132743362831858,0.00043233467069,0.0012804694743953,0.0003751260990214,0.0001005869849786,0.0001005869849786,0.0003876885193381,0.0002702071892872
Luzhoushi_510500,4304963.202692032,3122955.8741653017,224,129,77,60,45,40,2560227.4389999984,44165.09999999999,77580,1.7994100294985251,0.0049769298918748,0.0026841889897991,0.0013586356277053,0.0012988320266612,0.0012988320266612,0.0013192501076903,0.0007891220568912
Deyangshi_510600,3477987.6077637672,2801618.2744597127,206,120,72,56,43,38,2126902.2179999994,35103.799999999974,67020,1.7699115044247788,0.0099527276131816,0.0039998332643056,0.0029328960805865,0.0022742099264178,0.0022742099264178,0.0020406888540479,0.0013010267028435
Mianyangshi_510700,4170227.361711621,2687583.670486138,199,114,68,49,41,36,2072810.8770000008,34521.99999999994,65880,1.823008849557522,0.008302709126619,0.0039174990755346,0.002427014857774,0.0018741274868782,0.0018741274868782,0.002035076562823,0.0013971671176189
Guangyuanshi_510800,2020670.4973174331,2776012.3328103954,200,115,69,48,40,36,1904417.564000001,33340.799999999974,61320,1.7492625368731562,0.0015812011517971,0.001971570332388,0.0011920326861836,0.0003700168876921,0.0003700168876921,0.0009185410405704,0.0006294711829601
Suiningshi_510900,3057156.657436848,2956034.29343047,218,127,76,59,45,39,2202477.000999997,36555.99999999997,65640,1.71976401179941,0.004235702995142,0.0021534511322707,0.0010408762576479,0.0010469419841659,0.0010469419841659,0.0009851323669176,0.0006167527361707
Neijiangshi_511000,3304456.780974865,2986663.0962917963,223,130,78,60,45,40,2379530.953999998,39671.199999999975,71640,1.7345132743362832,0.0067082631486999,0.0026213449936314,0.0012558545197292,0.0016046856328208,0.0016046856328208,0.0011907298612984,0.0007240411198186
Leshanshi_511100,3169027.786043405,2917307.966064014,212,123,74,57,44,38,2459354.169999999,41362.99999999999,80400,1.7345132743362832,0.0056836278660991,0.0027638154324722,0.0014322373868771,0.0012596946944053,0.0012596946944053,0.0012680389320977,0.0008406624808836
Nanchongshi_511300,5802755.708249569,2939188.136628332,218,126,75,59,45,39,1993060.7250000008,34736.799999999945,62340,1.7994100294985251,0.0066381268350727,0.0033333854443867,0.0020093292248148,0.0016193857752437,0.0016193857752437,0.0018528107008029,0.0010336493027801
Meishanshi_511400,2768210.6570940022,2887977.733230626,207,120,72,56,43,38,2335303.4569999967,39132.19999999996,73140,1.7315634218289084,0.0111833366884589,0.0039253554068192,0.002781178427508,0.0025398678505464,0.0025398678505464,0.0019585249080514,0.0011970070166372
Yibinshi_511500,4013824.277576685,3036718.569587103,219,127,75,59,45,39,2615041.674999997,43275.699999999975,77340,1.7345132743362832,0.0048575006094212,0.0028464663283061,0.0013402365808136,0.001132961284668,0.001132961284668,0.0013319843995729,0.000843340654287
Guanganshi_511600,2514047.4684634213,3072788.596923672,226,131,77,60,45,40,2099093.7369999983,36285.99999999994,64620,1.7728613569321534,0.0062343739876968,0.0017322287971391,0.000774559459156,0.0017934906436623,0.0017934906436623,0.0008839673457917,0.0004523604593809
Dazhoushi_511700,5167790.527298927,3077340.908321665,221,127,76,59,45,40,1886788.471,35162.89999999997,60720,1.781710914454277,0.0061984295425822,0.002217288657353,0.0013879746535685,0.0016599949325124,0.0016599949325124,0.0013397373137581,0.0007025935470632
Yaanshi_511800,1488820.9625971315,2760698.346707267,206,119,71,55,43,37,2381208.208999998,40673.59999999996,80700,1.781710914454277,0.0039493488974202,0.0020391622375376,0.0012936059171178,0.0008900859296522,0.0008900859296522,0.001046360757884,0.0005371634130007
Bazhongshi_511900,3234391.2354586124,2949624.102989355,211,121,72,50,43,38,1904986.130000001,33968.69999999997,63360,1.8023598820059,0.0024111232519438,0.0019213548362588,0.0012452109430962,0.0005844928135789,0.0005844928135789,0.0009887722983768,0.0005810140287274
Ziyangshi_512000,2898271.1932706838,2930934.0938412286,219,128,77,60,45,39,2337289.1789999967,39512.19999999998,71100,1.6843657817109143,0.0025387612506453,0.0021543809982588,0.0010387500908688,0.0006680696110053,0.0006680696110053,0.0009381690673277,0.0006150320698112
Abazangzuqiangzuzizhizhou_513200,954467.3792188764,2441820.6228993274,186,111,68,48,42,37,2399374.921999997,40219.59999999997,90000,0.9233038348082596,7.217526023167567e-107,0.0004411764705882,0.0,-0.0,-0.0,0.0,0.0004696980744918
Liangshanyizuzizhizhou_513400,5421746.6596438885,2791822.322270757,229,133,79,62,46,40,2721177.6779999966,46394.69999999996,86400,1.781710914454277,0.0026458677581304,0.0025972245905392,0.0010887895096844,0.000591618034908,0.000591618034908,0.001126739780269,0.0007152834575721
Guiyangshi_520100,4978425.026933193,3395351.475695246,201,113,67,48,40,35,2628981.2559999945,45013.19999999984,75240,1.6578171091445428,0.0095998250563047,0.0078042426639835,0.0048808516250085,0.0022369616533172,0.0022369616533172,0.0048025311775262,0.0027325561222552
Liupanshuishi_520200,2924702.780293703,3297801.67853796,230,133,79,60,46,41,2969400.529000001,55086.9999999998,93600,1.6519174041297937,0.0028318227081655,0.0024725291635196,0.0011454711423904,0.0006229649304329,0.0006229649304329,0.0012823364181455,0.0006596542965436
Zunyishi_520300,5751263.696414471,3211195.426035127,217,125,74,57,44,38,2456147.239,46005.99999999992,79920,1.7551622418879056,0.0066937276671811,0.0037215134134323,0.0026764051308893,0.0018081432283553,0.0018081432283553,0.0022893935452653,0.0012658081123959
Anshunshi_520400,2305711.7127785683,3396230.857676578,218,126,75,57,44,38,2732764.2019999987,47449.89999999987,81900,1.6991150442477876,0.0032707076697003,0.0024520600393267,0.001199913413225,0.0007365668526137,0.0007365668526137,0.0013074423909974,0.000703171383861
Bijieshi_520500,6649410.415569782,3180064.4476505998,231,134,80,61,46,42,2786574.117999997,47294.89999999999,82560,1.646017699115044,0.0063799377440086,0.0043976323609763,0.003049810781476,0.0014707361982028,0.0014707361982028,0.0026651586928283,0.0012577861016029
Tongrenshi_520600,2939265.4247765546,3363333.758830914,226,131,77,60,45,40,2219268.2640000004,41063.499999999854,69720,1.640117994100295,0.0049969912488833,0.0018587905702575,0.0008655732394326,0.0012138471290926,0.0012138471290926,0.0012719002502055,0.0005453387520887
Qianxinanbuyizumiaozuzizhizhou_522300,2776647.418962479,3379673.128566421,229,132,79,60,46,40,2894345.875000004,51362.49999999983,86400,1.6253687315634218,0.0042886849488675,0.0018051641875594,0.0007183404301492,0.0009493846581245,0.0009493846581245,0.0009928804445554,0.0005042660380126
Qiandongnanmiaozudongzuzizhizhou_522600,3142338.81011796,3484561.522018459,214,126,76,59,45,39,2440879.617000001,46169.49999999985,73860,0.696165191740413,7.217526023167567e-107,0.0004411764705882,0.0,-0.0,-0.0,0.0,0.0006970353193899
Qiannanbuyizumiaozuzizhizhou_522700,2971051.3430149555,3431968.5621118066,217,126,75,57,44,38,2536167.5859999983,44850.49999999985,80760,1.6224188790560472,0.0058420261024145,0.0030095352113382,0.002089437498672,0.0013812516877382,0.0013812516877382,0.0017122600446678,0.000916907606125
Kunmingshi_530100,7153728.968851209,3183120.5172250327,201,113,67,48,40,35,3170157.366000001,57863.89999999977,97200,1.6253687315634218,0.0078997414130676,0.0104820436368281,0.0042050010261792,0.001739980167001,0.001739980167001,0.0049140817688588,0.0035489431811069
Yuxishi_530400,2547584.068433523,3295194.812226293,226,131,78,60,45,39,3321413.036,62838.299999999705,104400,1.6371681415929202,0.001252892302642,0.0024423804890547,0.0007570899415223,0.0002844032924677,0.0002844032924677,0.0009067897313017,0.0006552171763626
Baoshanshi_530500,2632500.686042547,2990635.1669509783,239,137,81,63,47,43,3732373.3130000057,74973.59999999983,115200,1.6253687315634218,0.0004136236396813,0.0017150902052299,0.0003467616782778,8.93445792834432e-05,8.93445792834432e-05,0.000423919956624,0.0003230350204071
Zhaotongshi_530600,5530025.939861298,3061570.3768346505,239,139,83,63,47,44,2793001.640999997,48041.2,82200,1.6873156342182891,0.003196514347055,0.0028377284965601,0.0011994685770196,0.0007137323433771,0.0007137323433771,0.0013352347380661,0.0007854655800808
Lijiangshi_530700,1348953.345793724,2869092.585152903,205,117,69,49,42,37,3656955.3920000056,72872.19999999982,118800,1.8141592920353984,0.0017086833614999,0.0017610073610876,0.0005613418850153,0.0003811625390171,0.0003811625390171,0.000730655525868,0.0004632083388011
Chuxiongyizuzizhizhou_532300,2871945.80852139,3092774.217575324,231,135,81,62,46,42,3341370.4640000025,61562.09999999976,100800,1.6224188790560472,0.0008164586448016,0.0021015435866575,0.0006354160272921,0.0001843527421152,0.0001843527421152,0.0007368440682561,0.0005496500506774
Honghehanizuyizuzizhizhou_532500,4888527.863129616,3394316.4916544366,239,139,83,63,47,43,3306345.441,63632.6999999997,104400,1.6696165191740413,0.0022842593545298,0.0025624588946475,0.0008140559157192,0.0005040930565264,0.0005040930565264,0.0009952184846688,0.0006947144823625
Wenshanzhuangzumiaozuzizhizhou_532600,3792482.8464984894,3470113.475051548,246,143,86,64,48,45,3242209.9700000016,56934.399999999805,100800,1.551622418879056,0.0048594852533562,0.0017023728291812,0.0005381767926295,0.0010708539260176,0.0010708539260176,0.0006633914656639,0.0004400173928704
Dehongdaizujingpozuzizhizhou_533100,1388299.315829754,3016802.4075523587,244,141,84,64,47,44,3890067.0340000046,80440.69999999991,126000,1.6283185840707963,0.0003786065667461,0.0009513583732318,0.0001634212222168,8.59847777603837e-05,8.59847777603837e-05,0.0001957476204519,0.0001417700609417
Xianshi_610100,9681851.763688087,2960624.355269206,173,98,58,43,36,31,1343335.2549999992,23331.000000000004,42120,1.7227138643067843,0.0127773488060809,0.0148321482497461,0.0111627604011882,0.0029155475895868,0.0029155475895868,0.0094976364671469,0.0098782824062343
Tongchuanshi_610200,894127.6516155005,2966624.283530967,199,117,71,55,43,38,1257751.6549999996,21805.90000000003,42360,1.5634218289085546,0.0005178609714288,0.0011839023928643,0.0005171706765566,0.0001100498719535,0.0001100498719535,0.0004607306649519,0.0004468213862915
Baojishi_610300,3886630.2803583145,2765436.836196775,196,114,69,48,40,37,1501911.0990000002,25509.699999999983,45960,1.705014749262537,0.001708606943995,0.0024742469204773,0.001504687111233,0.0003790979439398,0.0003790979439398,0.0012541601164675,0.0013104245270858
Xianyangshi_610400,5414396.659724474,2864909.7742341384,188,110,67,48,41,36,1406430.002999999,25738.799999999985,47520,1.7551622418879056,0.0074199590475426,0.006695703669126,0.0046338880860951,0.0016178411748693,0.0016178411748693,0.0040106234526793,0.0040191274304998
Weinanshi_610500,5215835.680216908,3017939.565951164,194,113,68,48,41,36,1202353.2239999997,21575.600000000024,36780,1.7315634218289084,0.003495028644485,0.0037057357544541,0.0026173761384548,0.0007702838344422,0.0007702838344422,0.0020900089432094,0.002225433466476
Yananshi_610600,2325161.561426282,2748952.419068913,189,109,65,47,39,35,1083278.8650000002,19203.700000000008,38820,1.8200589970501475,0.0014914264797311,0.0019730029203406,0.0013451559770749,0.0003365503894566,0.0003365503894566,0.0010493351172915,0.0010217174167261
Hanzhongshi_610700,3458409.8001092672,2818407.467287137,204,118,71,49,41,38,1659059.5840000005,27651.89999999997,51420,1.7581120943952802,0.0033930957322428,0.0017900359057397,0.0010554182587707,0.0007578615874965,0.0007578615874965,0.0010721831237484,0.0007816401399796
Ankangshi_610900,2588710.3768206835,3006090.138687334,204,119,71,50,43,38,1660036.1440000008,28222.299999999967,49500,1.7551622418879056,0.0018633935214338,0.0016306586351652,0.0009067540308122,0.0004180076354207,0.0004180076354207,0.0012642371751999,0.0006940448451247
Shangluoshi_611000,2327032.1188538074,3072884.323558493,207,122,74,58,44,38,1416777.289999999,26225.099999999973,45540,1.7138643067846608,0.0012694778319819,0.0015328921537371,0.0007797440825063,0.0002814368816721,0.0002814368816721,0.0008720729280383,0.0006851989407153
Lanzhoushi_620100,4106425.199535311,2293821.146621597,185,105,62,45,38,33,1630657.4750000006,32367.999999999996,57360,1.728613569321534,0.0027603839563041,0.0073629689553241,0.0031321200267395,0.0006404114610953,0.0006404114610953,0.0025901596086001,0.0025159282088498
Jiayuguanshi_620200,284589.6789858043,1607470.124268333,189,108,64,46,38,34,2165296.1730000004,51920.69999999988,75360,1.4896755162241888,6.120965384428219e-05,0.0015325262852863,0.0003553671785958,1.2285097375846371e-05,1.2285097375846371e-05,0.0003262632935295,0.0002909340730772
Jinchangshi_620300,476982.3227905631,2039557.8887115608,199,115,68,47,42,36,1755866.65,37701.99999999992,62100,1.4424778761061947,5.961179690297829e-05,0.0010473571907297,0.0002136118921702,1.285093547377457e-05,1.285093547377457e-05,0.0001914043460708,0.0002058295259551
Baiyinshi_620400,1733323.0737644732,2335111.018705401,202,117,70,49,43,37,1521664.5770000005,28625.200000000008,52860,1.5870206489675516,0.0003954758664705,0.0019977101924267,0.0006663101466229,8.22532810495771e-05,8.22532810495771e-05,0.0005706883146318,0.0005868103679357
Tianshuishi_620500,3262645.157170773,2600866.606985052,200,115,69,48,40,37,1688529.4230000002,31516.599999999973,56220,1.761061946902655,0.0007819249898891,0.002245823619881,0.0011308548022487,0.0001863224093218,0.0001863224093218,0.0009335531879249,0.0007953268854207
Zhangyeshi_620700,1146701.8943299055,1582086.5566255916,201,116,70,48,40,37,2203266.606999998,53304.59999999985,70440,1.6106194690265487,0.000224456452747,0.0016198026356963,0.0004317476626784,4.786547085000949e-05,4.786547085000949e-05,0.0003813202673427,0.0003630253102103
Pingliangshi_620800,2021499.423143864,2626761.2734190635,204,118,71,49,41,38,1643549.808,28206.59999999997,54780,1.6342182890855457,0.0005059723380546,0.0016945002807276,0.00079013354041,0.0001133416379016,0.0001133416379016,0.0005588833797733,0.0005589232731463
Jiuquanshi_620900,1210099.8064924255,1078101.6106655838,190,109,65,46,38,35,2342556.3559999987,58037.99999999982,74640,1.7581120943952802,0.0005644813754728,0.0026135865990874,0.0007798518935381,0.0001337865172701,0.0001337865172701,0.0006898111320765,0.0006189235802724
Qingyangshi_621000,2025975.709099412,2645486.7341929907,190,110,66,47,39,35,1333322.465000001,25436.60000000001,47640,1.6755162241887906,0.0005499068987823,0.0015491670170668,0.0008769656061893,0.0001240972569724,0.0001240972569724,0.0005765399513134,0.0006403652056454
Dingxishi_621100,2655485.24068141,2417517.308936025,209,121,73,51,44,38,1831725.58,37121.59999999991,62340,1.6283185840707963,0.0003676257270264,0.0025816212026376,0.0010115806303825,8.957403193697693e-05,8.957403193697693e-05,0.0007859912266293,0.0007385003292691
Longnanshi_621200,2574861.509556532,2599802.492458714,201,115,69,48,40,36,1739533.2480000004,32240.899999999976,62760,1.648967551622419,0.0004651323584707,0.0015483759048332,0.0007726522878164,0.0001172761778175,0.0001172761778175,0.0005174748647944,0.0005093416143035
Xiningshi_630100,2647902.21474123,2065235.8676047607,192,109,64,46,38,34,1976095.9589999996,45541.699999999866,67020,1.775811209439528,0.0015899821858216,0.0051363483233431,0.0015750977442264,0.0003696735678749,0.0003696735678749,0.0014166438111713,0.0010232317982353
Haidongshi_630200,1392483.8983876703,2179291.2998129283,206,119,72,56,43,37,1766529.638,37988.999999999935,63060,1.6017699115044248,0.0003799042101793,0.0036749536949213,0.0009874095654926,7.425604040329704e-05,7.425604040329704e-05,0.0008948582815091,0.0005311566979073
Huangnanzangzuzizhizhou_632300,323114.5818274021,2202606.947690122,210,125,75,59,47,41,1929244.9299999992,43803.69999999985,80340,0.9085545722713864,7.217526023167567e-107,0.0004411764705882,0.0,-0.0,-0.0,0.0,7.980531659465715e-05
Hainanzangzuzizhizhou_632500,524489.9839630127,1939545.0253761471,200,118,72,49,44,38,2030415.455,47394.09999999988,71820,0.9174041297935104,7.217526023167567e-107,0.0004411764705882,0.0,-0.0,-0.0,0.0,0.0001423597070893
Guoluozangzuzizhizhou_632600,230336.3936291933,1931312.1920649477,216,127,76,58,47,41,2579484.560999999,66401.8999999999,97200,0.8967551622418879,7.217526023167567e-107,0.0004411764705882,0.0,-0.0,-0.0,0.0,3.951464756710868e-05
Yinchuanshi_640100,2404075.646860242,2464606.999178319,176,100,59,44,36,32,1229716.2230000012,22183.10000000003,42840,1.7994100294985251,0.0028715923343806,0.0053850013610221,0.0026664169509213,0.0006466775978299,0.0006466775978299,0.002375944753257,0.0023242315894515
Shizuishanshi_640200,754228.2801419795,2466948.487301408,186,108,66,47,40,35,1154835.5420000013,20830.300000000032,40080,1.5398230088495577,0.0002513610571775,0.0017794504348173,0.0007085389059908,3.494831568144263e-05,3.494831568144263e-05,0.0006457158222132,0.0006369515284692
Wuzhongshi_640300,1582394.940980941,2489064.078872421,194,113,69,52,42,37,1264594.919000001,23695.000000000025,45600,1.6283185840707963,0.0005247892674175,0.0029371940522207,0.001208610794764,8.409729588022098e-05,8.409729588022098e-05,0.0014277114807467,0.0010467499228924
Guyuanshi_640400,1543676.95398283,2508578.889024148,212,124,75,59,44,40,1531463.6750000005,29224.80000000001,54780,1.5309734513274336,0.0001654805083119,0.0016107087427027,0.0005526574554303,2.987620886542061e-05,2.987620886542061e-05,0.0004965197835455,0.0004611773531996
Zhongweishi_640500,1072537.156352669,2387933.409636614,195,113,69,50,41,36,1385916.0310000004,24582.90000000001,48120,1.6578171091445428,0.0002912288839009,0.0022268340543193,0.0008027467742346,5.810363618534811e-05,5.810363618534811e-05,0.0007682474713619,0.0007035931519896
Kelamayishi_650200,289780.22494870424,0.0,187,106,62,45,38,33,3415761.927999996,77417.29999999986,37020,1.3805309734513274,2.94957861359342e-05,0.0013787517386924,0.0001583033120857,4.3689960459087376e-06,4.3689960459087376e-06,0.0001285993276719,0.0001801385270774
Hamishi_650500,665927.6035458893,633619.1185324708,195,112,67,47,39,36,2379135.6199999987,54786.19999999991,79080,1.5604719764011798,8.13753136697804e-05,0.0015061208939751,0.0003277250410421,2.1987566536155297e-05,2.1987566536155297e-05,0.0002553843315805,0.0002777682829998
Changjihuizuzizhizhou_652300,3123685.631520614,0.0,226,130,77,52,46,41,2963250.761999995,67553.10000000002,100800,1.5663716814159292,7.991079070130741e-05,0.0022992858559344,0.0003885365839513,1.7918851579024304e-05,1.7918851579024304e-05,0.0002911756229892,0.0003589486977124
Boertalamengguzizhizhou_652700,464228.562254548,88367.46787347808,229,132,78,51,48,42,3497331.609999996,80179.59999999993,115200,1.2566371681415929,1.1120861963258364e-05,0.0008102760039515,6.807449423475128e-05,1.519292623425137e-06,1.519292623425137e-06,6.3177381814936e-05,7.44992650432736e-05
Kezileisukeerkezizizhizhou_653000,715692.4933770894,854140.8496933667,246,143,85,64,53,45,4358550.889999993,91407.69999999992,136800,0.9233038348082596,7.217526023167567e-107,0.0004411764705882,0.0,-0.0,-0.0,0.0,9.50607093108758e-05
Kashidiqu_653100,4737869.877841413,876421.6062890553,244,139,82,64,47,43,4399955.147999986,90213.19999999992,140400,1.6017699115044248,0.0005438829478272,0.0018093814905854,0.0003271362015769,0.0001207148388683,0.0001207148388683,0.0002496461458945,0.0002277478693803
Yilihasakezizhizhou_654000,2398408.0038330555,145920.18946284146,220,126,75,50,42,40,3558536.144999997,79083.79999999993,126000,1.5781710914454277,0.0009567201915836,0.0021018453188064,0.0003125279212028,0.0002089646658642,0.0002089646658642,0.0002592224264809,0.0003012129433925
Shihezishi_659001,567232.1615432501,109958.03804777205,216,124,74,49,45,39,3150977.4269999964,71198.89999999992,100800,1.4129793510324484,1.728922245486378e-05,0.0013814298335906,0.0001792164874631,3.5106576262238174e-06,3.5106576262238174e-06,0.0001365489830231,0.0001732422216191
