Location,distance_from_Beijing,population,Total_route_length_m,travel_time_S
Kelamayishi_650200,0.0,289780.22494870424,3415761.9279999956,77417.29999999986
Changjihuizuzizhizhou_652300,0.0,3123685.631520614,2963250.761999995,67553.10000000002
Boertalamengguzizhizhou_652700,88367.46787347808,464228.562254548,3497331.6099999957,80179.59999999993
Shihezishi_659001,109958.03804777205,567232.1615432501,3150977.4269999964,71198.89999999992
Aleitaidiqu_654300,132052.32145394702,665286.8605658114,3308804.526999996,73456.49999999981
Yilihasakezizhizhou_654000,145920.18946284146,2398408.0038330555,3558536.144999997,79083.79999999993
Bayinguolengmengguzizhizhou_652800,181714.7961977727,1557057.9313901665,3665154.917999997,79603.39999999992
Akesudiqu_652900,336400.0634661042,2834335.222719312,3891544.5219999948,85478.69999999995
Tulufanshi_650400,344028.37161141774,703923.1044078171,2746731.6509999973,67576.90000000002
Hamishi_650500,633619.1185324708,665927.6035458893,2379135.6199999987,54786.19999999991
Hetiandiqu_653200,786534.3362968535,2409086.505001188,4190827.5809999947,88798.69999999994
Kezileisukeerkezizizhizhou_653000,854140.8496933667,715692.4933770894,4358550.889999993,91407.69999999991
Kashidiqu_653100,876421.6062890553,4737869.877841413,4399955.147999986,90213.19999999991
Jiuquanshi_620900,1078101.6106655838,1210099.8064924255,2342556.3559999987,58037.99999999982
Haiximengguzuzangzuzizhizhou_632800,1094433.5967877298,722464.8529003263,2626084.8029999994,68474.79999999994
Alashanmeng_152900,1338003.360418285,298964.8749966826,1521831.9360000002,44476.79999999987
Zhangyeshi_620700,1582086.5566255916,1146701.8943299055,2203266.606999998,53304.59999999985
Jiayuguanshi_620200,1607470.124268333,284589.6789858043,2165296.1730000004,51920.69999999988
Guoluozangzuzizhizhou_632600,1931312.192064948,230336.3936291933,2579484.560999999,66401.8999999999
Hainanzangzuzizhizhou_632500,1939545.0253761471,524489.9839630127,2030415.4549999998,47394.09999999988
Jinchangshi_620300,2039557.8887115608,476982.3227905631,1755866.6500000001,37701.99999999992
Xiningshi_630100,2065235.8676047607,2647902.21474123,1976095.9589999993,45541.699999999866
Haidongshi_630200,2179291.2998129283,1392483.8983876703,1766529.638,37988.999999999935
Huangnanzangzuzizhizhou_632300,2202606.947690122,323114.5818274021,1929244.9299999992,43803.69999999985
Bayannaoershi_150800,2240799.648799864,1650138.55654791,969419.5279999995,20585.99999999999
Lanzhoushi_620100,2293821.146621597,4106425.199535311,1630657.4750000006,32367.999999999993
Gannanzangzuzizhizhou_623000,2307402.009141705,726061.2006382942,2617169.6419999963,44297.699999999975
Baiyinshi_620400,2335111.018705401,1733323.0737644732,1521664.5770000003,28625.200000000008
Zhongweishi_640500,2387933.409636614,1072537.156352669,1385916.0310000004,24582.90000000001
Dingxishi_621100,2417517.308936025,2655485.24068141,1831725.5799999998,37121.59999999991
Abazangzuqiangzuzizhizhou_513200,2441820.6228993274,954467.3792188764,2399374.9219999975,40219.59999999997
Yinchuanshi_640100,2464606.999178319,2404075.646860242,1229716.2230000012,22183.10000000003
Shizuishanshi_640200,2466948.487301408,754228.2801419795,1154835.5420000013,20830.300000000032
Eerduosishi_150600,2475187.345457168,2749650.737619549,909388.2610000002,15996.200000000019
Wuzhongshi_640300,2489064.078872421,1582394.940980941,1264594.919000001,23695.000000000025
Wuhaishi_150300,2489757.781329006,684964.1943908631,1089963.797000001,19843.600000000017
Guyuanshi_640400,2508578.889024148,1543676.95398283,1531463.6750000005,29224.80000000001
Longnanshi_621200,2599802.492458714,2574861.509556532,1739533.2480000004,32240.899999999976
Tianshuishi_620500,2600866.606985052,3262645.157170773,1688529.4230000002,31516.599999999973
Pingliangshi_620800,2626761.2734190635,2021499.423143864,1643549.808,28206.599999999966
Qingyangshi_621000,2645486.7341929907,2025975.709099412,1333322.465000001,25436.600000000006
Baotoushi_150200,2656246.635353337,3114012.558115214,699719.9799999994,19154.599999999984
Mianyangshi_510700,2687583.670486138,4170227.361711621,2072810.8770000006,34521.99999999994
Yananshi_610600,2748952.419068913,2325161.561426282,1083278.8650000002,19203.700000000008
Wulanchabushi_150900,2755350.435083092,1994853.7794875205,570863.0739999998,16172.999999999995
Yaanshi_511800,2760698.346707267,1488820.9625971315,2381208.208999998,40673.59999999996
Baojishi_610300,2765436.836196775,3886630.2803583145,1501911.0990000002,25509.699999999986
Guangyuanshi_510800,2776012.3328103954,2020670.497317433,1904417.564000001,33340.799999999974
Liangshanyizuzizhizhou_513400,2791822.322270757,5421746.6596438885,2721177.6779999966,46394.69999999996
Chengdushi_510100,2797098.9643136524,17751779.347988844,2206295.100999997,36817.29999999997
Deyangshi_510600,2801618.2744597127,3477987.6077637672,2126902.2179999994,35103.799999999974
Huhehaoteshi_150100,2815646.914105651,3432674.6505264044,544264.2930000003,11940.899999999996
Hanzhongshi_610700,2818407.467287137,3458409.8001092672,1659059.5840000005,27651.89999999997
Xilinguoleimeng_152500,2821115.490483839,1123328.5076332986,664601.2359999996,14164.500000000004
Xianyangshi_610400,2864909.7742341384,5414396.659724474,1406430.002999999,25738.799999999985
Lijiangshi_530700,2869092.585152903,1348953.345793724,3656955.3920000056,72872.19999999982
Meishanshi_511400,2887977.733230626,2768210.6570940022,2335303.4569999967,39132.19999999996
Leshanshi_511100,2917307.966064014,3169027.786043405,2459354.169999999,41362.999999999985
Ziyangshi_512000,2930934.0938412286,2898271.193270684,2337289.1789999967,39512.19999999998
Nanchongshi_511300,2939188.136628332,5802755.708249569,1993060.7250000006,34736.799999999945
Bazhongshi_511900,2949624.102989355,3234391.2354586124,1904986.130000001,33968.69999999997
Suiningshi_510900,2956034.29343047,3057156.657436848,2202477.000999997,36555.99999999997
Xianshi_610100,2960624.355269206,9681851.763688087,1343335.2549999992,23331.000000000004
Xinzhoushi_140900,2966176.9483494894,3157592.1086147428,545874.1210000003,11266.000000000011
Tongchuanshi_610200,2966624.283530967,894127.6516155005,1257751.6549999996,21805.90000000003
Dalibaizuzizhizhou_532900,2968031.857619981,3682062.411503911,3494857.173000006,66730.89999999985
Neijiangshi_511000,2986663.0962917963,3304456.780974865,2379530.953999998,39671.199999999975
Baoshanshi_530500,2990635.1669509783,2632500.686042547,3732373.3130000057,74973.59999999983
Zigongshi_510300,3001836.2332749576,2330002.3104758263,2444532.0759999985,40274.89999999997
Ankangshi_610900,3006090.138687334,2588710.3768206835,1660036.1440000008,28222.299999999967
Panzhihuashi_510400,3011136.543008598,1349030.7313456538,2929374.321999998,51179.09999999998
Dehongdaizujingpozuzizhizhou_533100,3016802.4075523587,1388299.315829754,3890067.0340000046,80440.69999999991
Weinanshi_610500,3017939.565951164,5215835.680216908,1202353.2239999995,21575.600000000024
Linfenshi_141000,3029485.677388369,4931468.356818914,938868.5820000005,16796.400000000023
Shuozhoushi_140600,3034695.2147955354,2034386.60841614,466527.22800000047,9497.199999999999
Yibinshi_511500,3036718.569587103,4013824.277576685,2615041.674999997,43275.699999999975
Chongqingshi_500000,3058829.685052716,27165270.085970875,2017227.943,38074.09999999997
Zhaotongshi_530600,3061570.3768346505,5530025.939861298,2793001.640999997,48041.200000000004
Guanganshi_511600,3072788.596923672,2514047.4684634213,2099093.7369999983,36285.99999999994
Shangluoshi_611000,3072884.323558493,2327032.1188538074,1416777.2899999993,26225.099999999973
Taiyuanshi_140100,3074158.467388624,5378234.544834495,635155.3380000012,14775.900000000014
Dazhoushi_511700,3077340.908321665,5167790.527298927,1886788.4709999997,35162.89999999997
Datongshi_140200,3086030.725618121,3656573.1295926273,353301.11200000026,8357.9
Chuxiongyizuzizhizhou_532300,3092774.217575324,2871945.80852139,3341370.4640000025,61562.09999999976
Luzhoushi_510500,3122955.8741653017,4304963.202692032,2560227.4389999984,44165.09999999999
Yunchengshi_140800,3124070.618184418,5526741.49804306,1038008.9580000013,18376.50000000002
Jinzhongshi_140700,3132202.915497064,3525701.682365417,640523.1340000014,12444.5
Sanmenxiashi_411200,3170167.131768885,2136362.7679253817,1129766.638,20039.800000000017
Shiyanshi_420300,3176220.442765592,3259472.459747553,1445777.0449999976,27774.700000000037
Zhangjiakoushi_130700,3179207.4888494764,4520805.760648459,225132.86000000002,5645.100000000001
Bijieshi_520500,3180064.4476506,6649410.415569782,2786574.117999997,47294.89999999999
Kunmingshi_530100,3183120.5172250327,7153728.968851209,3170157.366000001,57863.89999999977
Zhangzhishi_140400,3194321.29852453,3532363.036386609,740277.7680000006,13523.400000000012
Zunyishi_520300,3211195.426035127,5751263.696414471,2456147.239,46005.99999999992
Yangquanshi_140300,3213223.012752584,1459445.156612873,510752.41900000087,10046.599999999991
Shijiazhuangshi_130100,3259719.7463101414,11160985.597645285,358179.46700000076,6847.099999999997
Luoyangshi_410300,3260067.372348749,6646800.268051624,1018843.2490000007,19968.00000000002
Jinchengshi_140500,3260574.16221411,2408313.896113038,826545.0370000001,14890.900000000023
Baodingshi_130600,3262387.2445218083,11856361.88596928,244837.538,4692.200000000001
Enshitujiazumiaozuzizhizhou_422800,3278227.535955053,2947687.5928754807,1815268.065,33047.899999999994
Yuxishi_530400,3295194.812226293,2547584.068433523,3321413.036,62838.299999999705
Jiyuanshi_419001,3295659.136838116,749297.0896630287,915177.1410000004,17270.300000000036
Liupanshuishi_520200,3297801.67853796,2924702.780293703,2969400.5290000015,55086.9999999998
Nanyangshi_411300,3298989.841410505,11086103.51118207,1135653.7160000007,19407.600000000017
Hulunbeiershi_150700,3302230.407123528,2563286.430618271,1840827.5279999997,39616.09999999997
Shennongjialinqu_429021,3341601.094373105,70375.50061941147,1576131.3759999974,26586.80000000003
Handanshi_130400,3348619.532531976,9896664.804241655,561370.4409999993,10103.59999999999
Xingtaishi_130500,3356262.073102811,7539623.478119612,498494.17700000043,9933.599999999995
Tongrenshi_520600,3363333.758830914,2939265.4247765546,2219268.2640000004,41063.499999999854
Jiaozuoshi_410800,3366916.784695225,3839205.417335033,836695.5909999998,15019.100000000019
Qianxinanbuyizumiaozuzizhizhou_522300,3379673.128566421,2776647.418962479,2894345.8750000037,51362.49999999983
Chengdeshi_130800,3393328.319114086,3642433.682631224,264754.77999999985,5917.399999999995
Honghehanizuyizuzizhizhou_532500,3394316.4916544366,4888527.863129616,3306345.441,63632.6999999997
Xiangyangshi_420600,3395030.180599284,5246549.135469675,1262757.7519999975,23345.40000000003
Guiyangshi_520100,3395351.475695246,4978425.026933193,2628981.2559999945,45013.199999999844
Anyangshi_410500,3395755.193178253,5181527.278662205,661708.400000001,12040.000000000007
Anshunshi_520400,3396230.857676578,2305711.7127785683,2732764.2019999987,47449.89999999987
Chifengshi_150400,3398900.5699904147,4173962.418392569,551010.7070000002,14744.50000000001
Yichangshi_420500,3400691.64909522,3928870.476340294,1538361.8309999974,28875.199999999968
Zhengzhoushi_410100,3402592.6332874987,11172920.86454725,844327.3189999996,16163.700000000033
Pingdingshanshi_410400,3404330.157344377,5002394.268591881,997671.0530000002,18224.300000000032
Xinxiangshi_410700,3409310.6743249283,6150867.286064147,753515.3540000003,14351.100000000019
Qiannanbuyizumiaozuzizhizhou_522700,3431968.5621118066,2971051.3430149555,2536167.5859999983,44850.49999999985
Xiangxitujiazumiaozuzizhizhou_433100,3441312.4048200524,2629783.5558753014,2074893.2139999995,35455.60000000004
Hebishi_410600,3445408.660818677,1785671.422355175,678797.9360000012,12477.900000000016
Xuchangshi_411000,3456022.7200833275,4585094.894495726,904907.5040000004,16845.500000000033
Zhangjiajieshi_430800,3456223.557739708,1423277.5759572985,1823556.148,37047.09999999998
Hengshuishi_131100,3463644.8550384897,4363990.025298834,355854.1719999995,6750.399999999998
Wenshanzhuangzumiaozuzizhizhou_532600,3470113.475051548,3792482.8464984894,3242209.9700000016,56934.399999999805
Baiseshi_451000,3481327.2613129835,3526983.76607132,3016784.4760000007,52488.39999999987
Qiandongnanmiaozudongzuzizhizhou_522600,3484561.522018459,3142338.81011796,2440879.6170000006,46169.49999999985
Langfangshi_131000,3493496.3088103207,4798291.1290819645,145582.08400000006,4771.700000000003
Cangzhoushi_130900,3495050.108944336,7542077.562909603,278055.538,5472.4000000000015
Changdeshi_430700,3498505.691394044,5734456.052826881,1656034.5759999987,29539.099999999973
Kaifengshi_410200,3526062.9072928024,4614262.798120499,793768.0109999992,16447.300000000025
Jingmenshi_420800,3529487.473551887,2671683.78477192,1430159.8929999976,24708.70000000001
Zhumadianshi_411700,3537072.389764535,7065749.60078156,1044487.2300000011,18894.300000000025
Puyangshi_410900,3541896.8613553606,3540003.829480171,655674.9439999993,12215.099999999999
Liaochengshi_371500,3545520.809927344,6361384.412071466,537381.9779999997,10424.999999999996
Tianjinshi_120000,3560385.85190326,16505801.933655975,201900.3410000001,4894.799999999999
Dezhoushi_371400,3570265.7419451484,6260724.30450201,417618.3929999995,8688.200000000006
Jingzhoushi_421000,3570747.14774088,5048528.007999897,1544764.2449999976,27991.300000000017
Suizhoushi_421300,3574466.518675894,1876106.420516968,1372307.580999998,23786.50000000002
Hezeshi_371700,3577053.888200063,8496548.46367979,719742.1690000005,13960.600000000006
Huaihuashi_431200,3577256.772459902,4794951.7167954445,2122187.762999999,36643.299999999974
Zhoukoushi_411600,3577878.6102050124,8033584.247490168,869558.9530000004,16076.200000000024
Hechishi_451200,3585750.6647324115,3087079.5809650416,2717206.906999999,46009.999999999854
Shangqiushi_411400,3605003.2309341417,6892977.523938179,826215.1659999994,15675.600000000019
Tangshanshi_130200,3622335.3030686257,7976681.030059218,206815.94400000002,6254.499999999998
Xinyangshi_411500,3630556.230457977,5575700.435856581,1213201.017999996,21155.00000000002
Jiningshi_370800,3636575.174106841,8798155.998080969,668540.3729999994,12386.999999999998
Tianmenshi_429006,3641088.659221461,1474725.5854244232,1532567.5649999972,26565.000000000022
Qianjiangshi_429005,3650335.94985433,839345.0242853165,1533076.2119999975,27058.000000000036
Taianshi_370900,3650897.658868001,5670240.86445713,612155.0229999992,11564.699999999997
Yiyangshi_430900,3654286.828966919,4229768.14991951,1788896.949,32225.600000000017
Jinanshi_370100,3658842.7778176586,7633725.377641916,497503.49599999917,9422.30000000001
Xiaoganshi_420900,3664086.358470798,4601386.339653254,1301582.6669999983,24992.000000000033
Xiantaoshi_429004,3687622.314154737,967122.761259794,1469936.420999998,27767.200000000066
Binzhoushi_371600,3694034.26281965,4000454.598196268,493234.7869999993,10419.600000000004
Loudishi_431300,3694601.067454072,3729401.249190331,1912413.4639999997,33364.20000000002
Tongliaoshi_150500,3696935.990316418,3246610.565872237,846764.6520000005,21199.9
Yueyangshi_430600,3701556.923024773,6044432.787023782,1635760.427,29453.300000000003
Shaoyangshi_430500,3702580.0346443774,7088197.830705166,2071399.1949999991,37586.99999999992
Fuyangshi_341200,3706012.16309904,7292449.676030159,1023684.2699999998,19384.300000000017
Liuzhoushi_450200,3708733.2042057416,4127042.53903985,2453266.218,42664.29999999988
Bozhoushi_341600,3720616.353009181,4803801.857208252,1033349.8909999998,20032.900000000012
Qinhuangdaoshi_130300,3725935.176390191,3152923.984348297,306996.92,7798.7
Zhaoyangshi_211300,3729980.490452313,3053989.06106779,452972.6680000001,9359.000000000004
Xinganmeng_152200,3733308.945125215,1567374.4814848304,1188376.4930000014,22007.899999999987
Ziboshi_370300,3747758.373556103,4985486.620795488,566609.1689999992,11636.100000000002
Xuzhoushi_320300,3752659.673578043,8113360.850665331,842332.6749999997,15832.800000000028
Wuhanshi_420100,3756095.8833243977,11630317.558193922,1380877.836999998,25539.100000000035
Guilinshi_450300,3758691.657261409,4869520.525184631,2307810.1519999993,40115.99999999986
Changshashi_430100,3767258.950625864,8164556.920244694,1746272.4030000025,31192.100000000002
Huanggangshi_421100,3770774.705627784,5898089.525819898,1374656.631000004,26667.400000000045
Zaozhuangshi_370400,3775233.542177284,3915968.022662163,794953.8439999998,14349.200000000015
Dongyingshi_370500,3777603.702391113,2254908.413056016,522517.6169999993,10500.300000000003
Chongzuoshi_451400,3781691.586379584,2342881.208982229,2931715.641000004,49510.999999999854
Huludaoshi_211400,3785116.026488891,2361545.744226694,508957.51000000024,10478.700000000013
Xianningshi_421200,3791395.4968595896,2312625.791946888,1501080.0049999976,28534.30000000002
Xiangtanshi_430300,3797775.670713223,2713949.0035102367,1890854.0239999995,32455.200000000015
Nanningshi_450100,3807110.7678854433,7067225.240400791,2729749.570999999,46196.39999999983
Huaibeishi_340600,3815297.968083472,2337810.3193421364,909032.1719999998,18427.900000000038
Laibinshi_451300,3816778.949385421,2008876.0480716228,2549507.958999997,44780.899999999834
Yongzhoushi_431100,3818172.261111636,5007429.018168926,2234969.0260000015,39098.89999999989
Linyishi_371300,3823793.306979992,10056065.85886526,802235.862,14391.800000000017
Hengyangshi_430400,3831337.8960210825,7408733.979924679,1938167.2280000001,34876.7
Weifangshi_370700,3838429.393042045,9639713.080731869,659614.7779999995,13338.600000000006
Luanshi_341500,3841419.568352861,5406177.921385765,1192960.571000003,21354.00000000002
Ezhoushi_420700,3841896.572784744,917217.7610998154,1371217.8070000038,26922.200000000044
Huainanshi_340400,3863511.076275347,2379018.263010025,1043667.2869999998,20983.60000000001
Huangshishi_420200,3868372.073618303,2105778.9665341377,1421682.0520000046,27935.500000000033
Jiujiangshi_360400,3881201.971406828,4900927.046776294,1570933.0310000041,30276.80000000005
Bengbushi_340300,3887309.996448877,2985542.158106804,1024486.2799999998,21317.80000000001
Zhuzhoushi_430200,3887976.626903856,4299574.207071781,1887761.618999999,35443.6
Jinzhoushi_210700,3930035.603390012,3093574.694830537,584501.6710000007,12021.800000000001
Fangchenggangshi_450600,3933065.913327489,833572.4546432494,2955566.4440000015,51730.29999999987
Rizhaoshi_371100,3936530.4047069466,2689361.88472867,810877.9059999998,16374.700000000015
Fuxinshi_210900,3937087.671505662,1796658.9713498354,668987.3830000007,14587.30000000002
Hefeishi_340100,3937217.966734458,8576748.528220654,1178126.7790000024,23137.60000000001
Anqingshi_340800,3940844.1907154666,5501119.82296753,1419832.157000005,24954.600000000028
Wuzhoushi_450400,3942505.55461366,2974327.4746541977,2594494.6489999974,45737.79999999982
Guigangshi_450800,3945473.246718744,4407420.146422625,2658192.441999996,45482.39999999981
Pingxiangshi_360300,3946952.711157248,2015410.673629284,1834842.7159999995,34996.5
Hezhoushi_451100,3951374.140322159,1972415.910815239,2390954.4350000024,42369.89999999988
Chenzhoushi_431000,3954363.580002335,4927508.37253189,2082976.6260000009,36509.499999999935
Chuzhoushi_341100,3956013.045646711,3967066.3648278713,1108408.6910000006,21493.699999999997
Suqianshi_321300,3956195.187118665,4459885.576781988,1068240.4729999988,19432.5
Yantaishi_370600,3959716.061586928,6719726.819449663,849685.6390000003,15937.90000000002
Baichengshi_220800,3962214.831942546,1977455.2891552448,1451924.0240000011,26853.300000000043
Qingdaoshi_370200,3967112.154423913,9414383.247399569,799848.2559999999,15912.100000000017
Lianyungangshi_320700,3969688.833106969,4145975.100821972,900521.2429999999,17274.30000000002
Qinzhoushi_450700,3976583.752251784,3087334.731133461,2770223.1110000005,47367.99999999987
Jianshi_360800,4016250.6007873896,5229944.744581699,1963879.995000001,35897.50000000001
Xinyushi_360500,4016503.774847855,1211464.6629891396,1811511.4700000063,33958.700000000026
Panjinshi_211100,4025293.21361233,1442039.0959374905,629227.6740000002,12350.000000000002
Qingyuanshi_441800,4027256.635110982,4048630.451989174,2325085.476000002,44091.09999999989
Nanchangshi_360100,4031464.93080835,5938411.558449744,1725512.2240000004,31544.599999999984
Huaianshi_320800,4034498.867626572,4483263.565946817,1056826.1989999989,19130.200000000008
Dalianshi_210200,4047895.714088479,6342456.263155937,904929.3400000002,18108.4
Qiqihaershi_230200,4054916.545261551,5353790.53446734,1716939.264000001,30576.400000000012
Beihaishi_450500,4064718.674048927,1548265.4762935638,2846505.3160000006,47471.89999999988
Daxinganlingdiqu_232700,4070793.033017862,287717.35502898693,2451598.2209999943,53716.69999999996
Shaoguanshi_440200,4072788.691938684,2930801.006807804,2284916.8520000027,40288.99999999986
Chizhoushi_341700,4073744.806042028,1418781.3256998062,1539273.7540000034,27307.999999999985
Zhaoqingshi_441200,4078990.385723276,4389221.17591095,2453541.7730000014,44001.299999999894
Anshanshi_210300,4080217.89334338,3525686.809744239,711534.6929999997,16373.800000000005
Maanshanshi_340500,4087107.2216627295,2275662.1266868114,1238599.3500000015,25025.399999999994
Wuhushi_340200,4087674.402457951,3414659.6729984283,1358536.7840000044,25993.59999999997
Shangraoshi_361100,4089899.852767244,7230368.704909325,1810685.1170000008,31916.79999999998
Yingkoushi_210800,4092099.880708704,2482606.459097981,720807.1269999996,14283.600000000006
Shenyangshi_210100,4093677.191738576,9221428.972453296,814715.7300000006,15105.900000000018
Yanchengshi_320900,4103731.053549296,6718542.6135391,1064359.4999999995,20302.70000000001
Nanjingshi_320100,4104906.2985002254,10541162.760114431,1239370.451000001,23564.49999999998
Tonglingshi_340700,4114416.9637274826,766680.458013773,1335660.235000004,26652.200000000004
Yunfushi_445300,4117770.824035435,2511605.9878525734,2571339.506999997,46634.99999999982
Yangzhoushi_321000,4120131.811733767,4397174.697696924,1143539.5730000008,20121.600000000002
Ganzhoushi_360700,4120387.652263114,9486849.50271988,2245935.8219999997,38287.19999999996
Jingdezhenshi_360200,4126102.628755159,1740834.91369915,1681625.340000001,29484.199999999983
Weihaishi_371000,4128944.388378713,2563930.562025785,946294.3469999996,17323.400000000012
Maomingshi_440900,4131243.0629334208,6364373.380271912,2767609.0950000007,48901.499999999854
Songyuanshi_220700,4132076.592990476,2996397.983472705,1217133.718000002,21799.09999999998
Zhanjiangshi_440800,4132411.438958797,7259407.228891372,3025537.057000001,51084.09999999989
Huangshanshi_341000,4132437.459287109,1351177.6991717815,1695858.9380000008,29967.299999999985
Liaoyangshi_211000,4133294.575322448,2203957.933285713,743678.9139999995,15045.600000000006
Sipingshi_220300,4162747.384432239,3471626.34535116,1022055.8640000004,20224.799999999996
Xuanchengshi_341800,4170541.5291419607,2393394.264800787,1445008.835000004,28371.299999999977
Zhenjiangshi_321100,4178961.802362302,3336800.006526232,1248898.3340000014,23531.999999999978
Daqingshi_230600,4197969.943688357,3370662.9977651834,1401486.9420000012,29453.900000000038
Yingtanshi_360600,4198071.774278807,1249000.3011431694,1814346.8370000008,31738.999999999978
Tielingshi_211200,4200191.260249779,2510474.547502339,888129.9160000007,16432.3
Yangjiangshi_441700,4205266.71723448,2593427.45667696,2705097.313999999,47913.299999999814
Foshanshi_440600,4216539.294479909,8885413.074063301,2514953.2779999995,45276.99999999984
Changzhoushi_320400,4224486.276270816,5535662.409371614,1304792.7510000037,24578.699999999968
Guangzhoushi_440100,4227794.688730436,16767793.323467731,2474450.2579999994,44610.999999999854
Benxishi_210500,4236484.619444477,1800518.5142564774,906448.5320000005,16588.500000000004
Fushunshi_210400,4240245.977562664,2071638.1075994968,898007.5120000006,17185.8
Dandongshi_210600,4249409.133080241,1936064.1328140493,1042588.5410000004,20234.099999999995
Jiangmenshi_440700,4253073.254892025,4734394.606990814,2638832.5939999963,47685.89999999982
Heyuanshi_441600,4255643.537597086,3794470.578820228,2510684.5789999906,42259.79999999989
Quzhoushi_330800,4256915.86476194,2147173.862197876,1767458.2210000053,32350.799999999945
Danzhoushi_460400,4261090.495055288,968346.8938102722,3154314.558000003,54128.39999999988
Nantongshi_320600,4262939.911388496,6678797.65051508,1296763.1330000036,23693.89999999998
Nanpingshi_350700,4268445.215367739,2483824.617524385,2044070.1219999997,35566.09999999999
Changjianglizuzizhixian_469026,4269151.349051472,238027.4786567688,3153723.449000003,53920.49999999988
Hangzhoushi_330100,4269315.652841351,10389630.151901484,1641627.4800000065,31638.499999999964
Wuxishi_320200,4269607.01182529,7957573.653803349,1342474.4920000045,24600.89999999997
Dongfangshi_469007,4273218.09264777,410633.8650999069,3153723.449000003,53920.49999999988
Lingaoxian_469024,4275967.65322075,443321.9559688568,3154314.558000003,54128.39999999988
Sanmingshi_350400,4279459.747008233,2448915.894880057,2206996.937000001,37957.49999999998
Baishalizuzizhixian_469025,4283454.222261511,179411.28216171265,3154314.558000003,54128.39999999988
Huizhoushi_441300,4286306.4886356825,6860549.202513218,2637696.3809999907,45002.9999999999
Huzhoushi_330500,4287173.870007015,3040137.877990008,1469245.194000004,29294.399999999983
Changchunshi_220100,4290045.164203726,8312476.041438222,1167217.579000002,21242.099999999995
Chengmaixian_469023,4296708.42524792,493273.071185112,3154314.558000003,54128.39999999988
Zhongshanshi_442000,4308099.810376228,3782880.185365677,2575853.301999997,45649.29999999983
Dongguanshi_441900,4309498.709739517,8564106.35985279,2573379.347999997,45821.699999999844
Haikoushi_460100,4310984.240836686,2549099.66312027,3140719.543000003,52799.59999999988
Longyanshi_350800,4313587.916499852,2444869.326018333,2239152.1189999986,38889.29999999997
Suihuashi_231200,4325155.060639263,5635429.814770341,1523728.5410000016,28802.700000000008
Heiheshi_231100,4326179.219713754,1611071.9829954507,1877571.528000002,38389.50000000001
Ledonglizuzizhixian_469027,4330320.983966313,469440.90321064,3154314.558000003,54128.39999999988
Qiongzhonglizumiaozuzizhixian_469030,4332863.090233547,185959.1976547241,3154314.558000003,54128.39999999988
Zhuhaishi_440400,4334003.1355022825,1400347.269981861,2610986.054999996,46097.599999999824
Sanshashi_460300,4337394.974345399,572989.1273856163,3149569.621000003,53999.39999999988
Liaoyuanshi_220400,4343741.65682826,1061981.555111766,1044118.8630000007,18701.199999999997
Dinganxian_469021,4344466.911100795,292580.4767489433,3140199.482000003,52674.69999999988
Tunchangxian_469022,4345714.913006515,276019.15508651733,3140199.482000003,52674.69999999988
Wuzhishanshi_469001,4348900.84327472,78911.68664693832,3154314.558000003,54128.39999999988
Shenzhenshi_440300,4355460.071227506,14637518.81181717,2740828.1049999907,46325.7999999999
Meizhoushi_441400,4356618.852677267,4697626.827642918,2378677.6299999943,40406.99999999992
Lishuishi_331100,4371671.13386748,2021591.1550381184,1939571.4150000059,35621.39999999995
Jinhuashi_330700,4373405.513858074,6279291.226139069,1778204.813000006,33825.49999999994
Sanyashi_460200,4379569.666485081,903601.2514772416,3154314.558000003,54128.39999999988
Qionghaishi_469002,4384886.175011123,512305.7664246559,3140719.543000003,52799.59999999988
Baotinglizumiaozuzizhixian_469029,4387052.161343826,191801.3688354492,3154314.558000003,54128.39999999988
Lingshuilizuzizhixian_469028,4396028.704281633,331835.668905735,3154314.558000003,54128.39999999988
Jiaxingshi_330400,4397341.157151872,5562342.307675362,1464984.148000004,27973.199999999953
Tonghuashi_220500,4401388.600387283,2301755.3634086847,1101611.9789999996,20941.39999999999
Shaoxingshi_330600,4403298.147239257,5362592.344079971,1618027.514000006,31391.099999999977
Wanningshi_469006,4403332.843633092,573878.7792634964,3140199.482000003,52674.69999999988
Shanghaishi_310000,4410140.855471215,30990581.62995529,1410210.0130000033,26573.799999999967
Haerbinshi_230100,4413639.684055604,12047502.551062942,1467421.1590000018,28202.500000000022
Jilinshi_220200,4429443.407921184,4428350.038580716,1233120.2730000024,24607.00000000001
Shanweishi_441500,4438231.223204935,3296303.6011095047,2655398.8829999897,45266.0999999999
Jieyangshi_445200,4449125.04824565,6336187.793626308,2567934.656999989,43241.09999999987
Ningdeshi_350900,4470937.6993475575,2426302.1770176888,2114972.943000003,40418.59999999985
Zhangzhoushi_350600,4472920.359985609,4840821.185439348,2448339.5419999915,42209.39999999989
Quanzhoushi_350500,4482297.431822042,8534865.636612415,2408692.7509999927,41810.19999999989
Ningboshi_330200,4483613.561898314,8767060.850094318,1644274.140000006,31853.099999999962
Chaozhoushi_445100,4495141.821496096,2787694.303616047,2564462.951999989,44168.89999999985
Baishanshi_220600,4506140.462150491,1185230.8259958029,1209777.5800000017,22239.799999999992
Wenzhoushi_330300,4509809.6809252,9588293.859657764,1966751.6450000054,36602.69999999997
Shantoushi_440500,4512005.697711014,5977552.521266938,2550892.120999989,43684.69999999985
Putianshi_350300,4542272.2743831305,2540352.9668364525,2455639.2409999925,43525.899999999856
Xiamenshi_350200,4544325.659442164,4891272.981667519,2493517.744999991,42907.29999999987
Zhoushanshi_330900,4584155.815378275,642327.4013638496,1675060.6410000054,34099.79999999995
Yanbianchaoxianzuzizhizhou_222400,4634131.385094452,2262925.011859,1431368.3320000013,25012.50000000001
Mudanjiangshi_231000,4692972.109302563,2871188.0889608264,1588925.474000001,28887.900000000027
Jiamusishi_230800,4838727.35776512,2737813.865146637,1891698.2130000014,32737.19999999999
Hegangshi_230400,4865629.023283655,1047796.474775076,1844357.2920000025,34595.999999999985
Qitaiheshi_230900,4903734.777287199,1028425.8834786416,1863260.5740000021,34070.00000000002
Jixishi_230300,4938993.566577442,1769501.8685784936,1900959.0160000024,34425.900000000016
Shuangyashanshi_230500,4969515.512123498,1461189.3787828088,1949078.658000002,37468.29999999999
